file_name,adult,medical,spoofed,violence,racy,link,date
tOGvxQm.jpg_Sat May 30 2015_20240804_023413.png,VERY_UNLIKELY,VERY_UNLIKELY,VERY_UNLIKELY,VERY_UNLIKELY,VERY_UNLIKELY,tOGvxQm.jpg,2015-05-30
OASOpRk.jpg_Fri Aug 18 2023_20240804_012151.png,UNLIKELY,UNLIKELY,VERY_UNLIKELY,VERY_UNLIKELY,VERY_UNLIKELY,OASOpRk.jpg,2023-08-18
CxRqTEi.jpg_Mon Sep 19 2016_20240804_023354.png,VERY_UNLIKELY,VERY_UNLIKELY,VERY_UNLIKELY,VERY_UNLIKELY,VERY_UNLIKELY,CxRqTEi.jpg,2016-09-19
0d4B30Q.jpg_Wed May 05 2021_20240804_021919.png,VERY_UNLIKELY,VERY_UNLIKELY,VERY_UNLIKELY,VERY_UNLIKELY,VERY_UNLIKELY,0d4B30Q.jpg,2021-05-05
IwzowN8.jpg_Fri Jun 11 2021_20240804_021944.png,VERY_UNLIKELY,VERY_UNLIKELY,POSSIBLE,UNLIKELY,POSSIBLE,IwzowN8.jpg,2021-06-11
vNaCaPn.jpg_Mon Jul 08 2024_20240804_025248.png,VERY_UNLIKELY,VERY_LIKELY,VERY_UNLIKELY,VERY_LIKELY,POSSIBLE,vNaCaPn.jpg,2024-07-08
gkmbjbV.jpg_Sun Jan 07 2024_20240804_024728.png,UNLIKELY,UNLIKELY,UNLIKELY,VERY_UNLIKELY,POSSIBLE,gkmbjbV.jpg,2024-01-07
ewqRxwO.jpg_Sat Jan 15 2022_20240804_021904.png,VERY_UNLIKELY,UNLIKELY,VERY_UNLIKELY,UNLIKELY,VERY_UNLIKELY,ewqRxwO.jpg,2022-01-15
C13UOBb.jpg_Mon Jul 08 2024_20240804_021125.png,POSSIBLE,VERY_LIKELY,LIKELY,VERY_LIKELY,POSSIBLE,C13UOBb.jpg,2024-07-08
EjJW5w2.png_Sun Jul 07 2024_20240804_023510.png,POSSIBLE,LIKELY,UNLIKELY,VERY_LIKELY,POSSIBLE,EjJW5w2.png,2024-07-07
CqnZsRo.jpeg_Mon Jun 10 2024_20240804_025221.png,VERY_UNLIKELY,VERY_UNLIKELY,VERY_UNLIKELY,VERY_UNLIKELY,VERY_UNLIKELY,CqnZsRo.jpeg,2024-06-10
V3DoBmh.jpg_Fri Sep 08 2023_20240804_024714.png,VERY_UNLIKELY,VERY_UNLIKELY,VERY_UNLIKELY,UNLIKELY,VERY_UNLIKELY,V3DoBmh.jpg,2023-09-08
irSmtqA.jpg_Tue Jun 11 2024_20240804_025039.png,VERY_UNLIKELY,VERY_UNLIKELY,VERY_UNLIKELY,VERY_UNLIKELY,VERY_UNLIKELY,irSmtqA.jpg,2024-06-11
CdzC4lI.jpg_Mon Mar 06 2023_20240804_024418.png,UNLIKELY,VERY_UNLIKELY,VERY_UNLIKELY,VERY_UNLIKELY,LIKELY,CdzC4lI.jpg,2023-03-06
rMxUhba.png_Wed Jul 10 2024_20240804_022319.png,VERY_UNLIKELY,LIKELY,UNLIKELY,VERY_LIKELY,UNLIKELY,rMxUhba.png,2024-07-10
ZYzvatg.jpg_Sun Dec 24 2017_20240804_025133.png,VERY_UNLIKELY,VERY_UNLIKELY,VERY_UNLIKELY,UNLIKELY,VERY_UNLIKELY,ZYzvatg.jpg,2017-12-24
lpetBd3.jpeg_Thu Dec 28 2023_20240804_024641.png,UNLIKELY,VERY_UNLIKELY,UNLIKELY,VERY_UNLIKELY,UNLIKELY,lpetBd3.jpeg,2023-12-28
W9MUaA4.jpg_Sun Aug 07 2022_20240804_014133.png,VERY_UNLIKELY,VERY_UNLIKELY,UNLIKELY,UNLIKELY,UNLIKELY,W9MUaA4.jpg,2022-08-07
s24flTw.jpg_Tue Mar 19 2019_20240804_023838.png,VERY_UNLIKELY,VERY_UNLIKELY,UNLIKELY,UNLIKELY,VERY_UNLIKELY,s24flTw.jpg,2019-03-19
t5CCOLI.png_Mon May 20 2013_20240804_014141.png,VERY_UNLIKELY,VERY_UNLIKELY,VERY_UNLIKELY,VERY_UNLIKELY,UNLIKELY,t5CCOLI.png,2013-05-20
4Z2cmfV.jpg_Fri Nov 13 2020_20240804_024310.png,VERY_UNLIKELY,VERY_UNLIKELY,VERY_UNLIKELY,VERY_UNLIKELY,VERY_UNLIKELY,4Z2cmfV.jpg,2020-11-13
RXx8QVk.jpg_Sun Jul 07 2024_20240804_025145.png,UNLIKELY,VERY_LIKELY,UNLIKELY,VERY_LIKELY,POSSIBLE,RXx8QVk.jpg,2024-07-07
1r5YCwO.jpg_Tue Jul 09 2024_20240804_021126.png,UNLIKELY,UNLIKELY,UNLIKELY,LIKELY,VERY_LIKELY,1r5YCwO.jpg,2024-07-09
yxCI9t6.jpg_Thu Sep 17 2020_20240804_024018.png,VERY_UNLIKELY,VERY_UNLIKELY,VERY_UNLIKELY,VERY_UNLIKELY,VERY_UNLIKELY,yxCI9t6.jpg,2020-09-17
FKfLtRX.jpeg_Thu Mar 28 2024_20240804_012441.png,UNLIKELY,VERY_UNLIKELY,VERY_UNLIKELY,VERY_UNLIKELY,UNLIKELY,FKfLtRX.jpeg,2024-03-28
UcGDVDN.jpg_Fri Feb 09 2024_20240804_025249.png,VERY_UNLIKELY,VERY_LIKELY,VERY_UNLIKELY,VERY_LIKELY,UNLIKELY,UcGDVDN.jpg,2024-02-09
lrbYoP5.jpeg_Thu May 02 2024_20240804_025228.png,VERY_UNLIKELY,VERY_UNLIKELY,VERY_UNLIKELY,VERY_UNLIKELY,VERY_UNLIKELY,lrbYoP5.jpeg,2024-05-02
k52E8HU.jpg_Sun Dec 11 2022_20240804_025046.png,VERY_UNLIKELY,VERY_UNLIKELY,VERY_UNLIKELY,UNLIKELY,UNLIKELY,k52E8HU.jpg,2022-12-11
5Jh4wZY.jpeg_Mon Apr 08 2024_20240804_024247.png,VERY_UNLIKELY,VERY_UNLIKELY,VERY_UNLIKELY,VERY_UNLIKELY,VERY_UNLIKELY,5Jh4wZY.jpeg,2024-04-08
Zh9jkBL.png_Sun Sep 17 2023_20240804_025025.png,VERY_UNLIKELY,VERY_UNLIKELY,VERY_UNLIKELY,VERY_UNLIKELY,UNLIKELY,Zh9jkBL.png,2023-09-17
Pb5JaMu.png_Sun Jul 07 2024_20240804_021934.png,UNLIKELY,POSSIBLE,VERY_UNLIKELY,VERY_LIKELY,POSSIBLE,Pb5JaMu.png,2024-07-07
E5VaNpH.jpg_Tue Apr 02 2024_20240804_025224.png,UNLIKELY,VERY_LIKELY,VERY_UNLIKELY,VERY_LIKELY,POSSIBLE,E5VaNpH.jpg,2024-04-02
Wy0froL.jpg_Mon Sep 14 2020_20240804_015701.png,POSSIBLE,UNLIKELY,VERY_UNLIKELY,UNLIKELY,VERY_LIKELY,Wy0froL.jpg,2020-09-14
eUeJM0b.jpeg_Fri May 24 2024_20240804_025203.png,LIKELY,POSSIBLE,UNLIKELY,UNLIKELY,LIKELY,eUeJM0b.jpeg,2024-05-24
2sBxDPD.jpg_Mon Aug 29 2022_20240804_015406.png,POSSIBLE,UNLIKELY,LIKELY,POSSIBLE,VERY_LIKELY,2sBxDPD.jpg,2022-08-29
gL0Mggz.jpg_Mon May 03 2021_20240804_023139.png,POSSIBLE,UNLIKELY,UNLIKELY,UNLIKELY,VERY_LIKELY,gL0Mggz.jpg,2021-05-03
bRrSnf3.jpg_Mon Feb 12 2024_20240804_023703.png,VERY_UNLIKELY,VERY_UNLIKELY,LIKELY,UNLIKELY,POSSIBLE,bRrSnf3.jpg,2024-02-12
ZJ527bS.jpg_Fri Sep 18 2020_20240804_014143.png,VERY_UNLIKELY,VERY_UNLIKELY,VERY_UNLIKELY,VERY_UNLIKELY,VERY_UNLIKELY,ZJ527bS.jpg,2020-09-18
dTay768.jpg_Sat Jun 08 2019_20240804_023659.png,VERY_UNLIKELY,VERY_UNLIKELY,VERY_UNLIKELY,VERY_UNLIKELY,VERY_UNLIKELY,dTay768.jpg,2019-06-08
8FGrQUC.png_Sat Mar 09 2024_20240804_025230.png,VERY_UNLIKELY,VERY_UNLIKELY,VERY_UNLIKELY,VERY_UNLIKELY,VERY_UNLIKELY,8FGrQUC.png,2024-03-09
4LImio4.jpg_Wed Apr 06 2022_20240804_024025.png,UNLIKELY,VERY_UNLIKELY,VERY_UNLIKELY,VERY_UNLIKELY,VERY_UNLIKELY,4LImio4.jpg,2022-04-06
TDabQqC.jpeg_Wed Jun 19 2024_20240804_015420.png,UNLIKELY,VERY_UNLIKELY,VERY_UNLIKELY,VERY_UNLIKELY,UNLIKELY,TDabQqC.jpeg,2024-06-19
9CU15nK.jpg_Wed Nov 29 2023_20240804_024327.png,UNLIKELY,VERY_UNLIKELY,VERY_UNLIKELY,UNLIKELY,LIKELY,9CU15nK.jpg,2023-11-29
HYFCxhv.png_Mon Jul 08 2024_20240804_024312.png,UNLIKELY,LIKELY,VERY_UNLIKELY,VERY_LIKELY,LIKELY,HYFCxhv.png,2024-07-08
LdXwYRm.png_Sat Apr 27 2024_20240804_025044.png,VERY_UNLIKELY,VERY_UNLIKELY,VERY_UNLIKELY,VERY_UNLIKELY,VERY_UNLIKELY,LdXwYRm.png,2024-04-27
rWjLizv.jpg_Sat May 11 2024_20240804_024217.png,UNLIKELY,POSSIBLE,UNLIKELY,LIKELY,UNLIKELY,rWjLizv.jpg,2024-05-11
yfx88ta.jpeg_Mon Jul 08 2024_20240804_024421.png,UNLIKELY,VERY_LIKELY,POSSIBLE,VERY_LIKELY,UNLIKELY,yfx88ta.jpeg,2024-07-08
tbqGjU1.jpg_Sat May 20 2023_20240804_023619.png,VERY_UNLIKELY,VERY_UNLIKELY,VERY_UNLIKELY,VERY_UNLIKELY,VERY_UNLIKELY,tbqGjU1.jpg,2023-05-20
TlqF165.jpg_Thu Mar 14 2024_20240804_023220.png,VERY_UNLIKELY,VERY_UNLIKELY,VERY_UNLIKELY,VERY_UNLIKELY,VERY_UNLIKELY,TlqF165.jpg,2024-03-14
mO4RMXw.jpg_Tue Jan 09 2024_20240804_022537.png,UNLIKELY,VERY_UNLIKELY,VERY_UNLIKELY,VERY_UNLIKELY,POSSIBLE,mO4RMXw.jpg,2024-01-09
s1IfTGQ.jpg_Thu Jan 18 2024_20240804_023646.png,VERY_UNLIKELY,VERY_UNLIKELY,VERY_UNLIKELY,VERY_UNLIKELY,VERY_UNLIKELY,s1IfTGQ.jpg,2024-01-18
4brQ5QV.gif_Tue May 29 2018_20240804_024334.png,UNLIKELY,UNLIKELY,VERY_UNLIKELY,VERY_UNLIKELY,UNLIKELY,4brQ5QV.gif,2018-05-29
zgwaich.jpg_Sun Jun 25 2023_20240804_023521.png,VERY_UNLIKELY,VERY_UNLIKELY,POSSIBLE,UNLIKELY,VERY_UNLIKELY,zgwaich.jpg,2023-06-25
j0xS9XW.jpg_Sun Jul 11 2021_20240804_023310.png,VERY_UNLIKELY,VERY_UNLIKELY,VERY_UNLIKELY,UNLIKELY,UNLIKELY,j0xS9XW.jpg,2021-07-11
Z7oMPCv.jpg_Fri Jan 19 2024_20240804_025115.png,VERY_UNLIKELY,VERY_UNLIKELY,VERY_UNLIKELY,VERY_UNLIKELY,UNLIKELY,Z7oMPCv.jpg,2024-01-19
l5V1L5u.jpg_Fri Jan 24 2020_20240804_024601.png,UNLIKELY,UNLIKELY,UNLIKELY,UNLIKELY,LIKELY,l5V1L5u.jpg,2020-01-24
8IMvIjf.jpeg_Fri Dec 31 2021_20240804_023807.png,VERY_UNLIKELY,VERY_UNLIKELY,VERY_UNLIKELY,VERY_UNLIKELY,VERY_UNLIKELY,8IMvIjf.jpeg,2021-12-31
LN6ppwC.jpg_Fri Jan 05 2018_20240804_021943.png,UNLIKELY,UNLIKELY,VERY_UNLIKELY,VERY_UNLIKELY,UNLIKELY,LN6ppwC.jpg,2018-01-05
y799A5W.jpg_Mon Nov 16 2015_20240804_023148.png,UNLIKELY,UNLIKELY,VERY_UNLIKELY,UNLIKELY,POSSIBLE,y799A5W.jpg,2015-11-16
Hg373Yq.jpg_Sat Jan 09 2016_20240804_023605.png,UNLIKELY,VERY_UNLIKELY,VERY_UNLIKELY,UNLIKELY,POSSIBLE,Hg373Yq.jpg,2016-01-09
xYHKM14.jpg_Mon Jul 08 2024_20240804_024658.png,UNLIKELY,LIKELY,POSSIBLE,VERY_LIKELY,UNLIKELY,xYHKM14.jpg,2024-07-08
aYofmgg.jpg_Sun Jun 26 2022_20240804_023045.png,UNLIKELY,UNLIKELY,UNLIKELY,VERY_UNLIKELY,VERY_LIKELY,aYofmgg.jpg,2022-06-26
2ijurLQ.png_Tue Jul 09 2024_20240804_025238.png,UNLIKELY,POSSIBLE,UNLIKELY,POSSIBLE,POSSIBLE,2ijurLQ.png,2024-07-09
oCyjpkq.jpg_Wed Dec 21 2022_20240804_023315.png,VERY_UNLIKELY,VERY_UNLIKELY,VERY_UNLIKELY,UNLIKELY,VERY_UNLIKELY,oCyjpkq.jpg,2022-12-21
TTtqidl.jpg_Sat Dec 25 2021_20240804_025005.png,VERY_UNLIKELY,VERY_UNLIKELY,UNLIKELY,VERY_UNLIKELY,VERY_UNLIKELY,TTtqidl.jpg,2021-12-25
ZEAU7mJ.jpg_Wed Dec 06 2023_20240804_024554.png,UNLIKELY,UNLIKELY,VERY_UNLIKELY,VERY_UNLIKELY,UNLIKELY,ZEAU7mJ.jpg,2023-12-06
3BkR7lW.png_Sun Jul 07 2024_20240804_024313.png,VERY_UNLIKELY,LIKELY,VERY_UNLIKELY,UNLIKELY,POSSIBLE,3BkR7lW.png,2024-07-07
1ztraIB.jpg_Wed Feb 01 2023_20240804_023810.png,VERY_UNLIKELY,VERY_UNLIKELY,VERY_UNLIKELY,VERY_UNLIKELY,VERY_UNLIKELY,1ztraIB.jpg,2023-02-01
7tfuokf.jpg_Mon May 15 2023_20240804_024254.png,UNLIKELY,VERY_UNLIKELY,VERY_UNLIKELY,VERY_UNLIKELY,UNLIKELY,7tfuokf.jpg,2023-05-15
qL2aXUe.jpeg_Sun Feb 11 2024_20240804_024430.png,VERY_UNLIKELY,VERY_UNLIKELY,UNLIKELY,VERY_UNLIKELY,VERY_UNLIKELY,qL2aXUe.jpeg,2024-02-11
jrWCiEe.jpeg_Mon Jun 03 2024_20240804_023632.png,UNLIKELY,UNLIKELY,VERY_UNLIKELY,VERY_UNLIKELY,POSSIBLE,jrWCiEe.jpeg,2024-06-03
pM3noG4.jpeg_Fri Jul 05 2024_20240804_023914.png,UNLIKELY,UNLIKELY,POSSIBLE,UNLIKELY,POSSIBLE,pM3noG4.jpeg,2024-07-05
0HZ8ZgU.jpeg_Wed May 01 2024_20240804_023546.png,VERY_UNLIKELY,VERY_UNLIKELY,UNLIKELY,VERY_UNLIKELY,VERY_UNLIKELY,0HZ8ZgU.jpeg,2024-05-01
dG2tvvs.jpg_Sat Nov 18 2023_20240804_023535.png,VERY_UNLIKELY,VERY_UNLIKELY,VERY_UNLIKELY,VERY_UNLIKELY,VERY_UNLIKELY,dG2tvvs.jpg,2023-11-18
O037XFf.jpg_Wed Jan 24 2018_20240804_023243.png,VERY_UNLIKELY,UNLIKELY,VERY_UNLIKELY,VERY_UNLIKELY,UNLIKELY,O037XFf.jpg,2018-01-24
9naKsFl.jpg_Mon Mar 18 2024_20240804_023504.png,VERY_UNLIKELY,VERY_UNLIKELY,VERY_UNLIKELY,VERY_UNLIKELY,VERY_UNLIKELY,9naKsFl.jpg,2024-03-18
HG64lPB.jpg_Thu Jun 13 2024_20240804_025226.png,VERY_UNLIKELY,VERY_UNLIKELY,VERY_UNLIKELY,VERY_UNLIKELY,VERY_UNLIKELY,HG64lPB.jpg,2024-06-13
XAN07ie.gif_Sun May 29 2022_20240804_021118.png,UNLIKELY,VERY_UNLIKELY,VERY_UNLIKELY,VERY_UNLIKELY,UNLIKELY,XAN07ie.gif,2022-05-29
vqMoDBD.jpg_Wed Jan 19 2022_20240804_023425.png,UNLIKELY,UNLIKELY,VERY_UNLIKELY,UNLIKELY,POSSIBLE,vqMoDBD.jpg,2022-01-19
xyKY8nr.jpg_Wed Jan 11 2023_20240804_025014.png,UNLIKELY,VERY_UNLIKELY,UNLIKELY,VERY_UNLIKELY,VERY_UNLIKELY,xyKY8nr.jpg,2023-01-11
CBNuqTO.jpg_Fri Nov 03 2023_20240804_023248.png,VERY_UNLIKELY,VERY_UNLIKELY,VERY_UNLIKELY,VERY_UNLIKELY,VERY_UNLIKELY,CBNuqTO.jpg,2023-11-03
yaxgQjV.jpeg_Mon May 06 2024_20240804_025214.png,VERY_UNLIKELY,VERY_UNLIKELY,UNLIKELY,VERY_UNLIKELY,VERY_UNLIKELY,yaxgQjV.jpeg,2024-05-06
rxpvhap.png_Sat Jan 23 2021_20240804_023356.png,UNLIKELY,UNLIKELY,VERY_UNLIKELY,UNLIKELY,VERY_UNLIKELY,rxpvhap.png,2021-01-23
PhpEktr.jpeg_Mon Mar 25 2024_20240804_025000.png,UNLIKELY,LIKELY,VERY_UNLIKELY,VERY_LIKELY,LIKELY,PhpEktr.jpeg,2024-03-25
hwvD67q.jpg_Fri Nov 17 2017_20240804_015709.png,VERY_UNLIKELY,UNLIKELY,VERY_UNLIKELY,VERY_UNLIKELY,UNLIKELY,hwvD67q.jpg,2017-11-17
9dvm9nn.jpg_Wed Apr 13 2022_20240804_024621.png,VERY_UNLIKELY,VERY_UNLIKELY,UNLIKELY,VERY_UNLIKELY,UNLIKELY,9dvm9nn.jpg,2022-04-13
IQaisOV.jpg_Sat May 11 2024_20240804_024045.png,UNLIKELY,UNLIKELY,UNLIKELY,LIKELY,UNLIKELY,IQaisOV.jpg,2024-05-11
IXRrtHp.jpg_Wed Jul 10 2024_20240804_024611.png,VERY_UNLIKELY,UNLIKELY,UNLIKELY,VERY_LIKELY,LIKELY,IXRrtHp.jpg,2024-07-10
cG2rDGZ.jpg_Mon May 09 2022_20240804_023224.png,VERY_UNLIKELY,VERY_UNLIKELY,VERY_UNLIKELY,VERY_UNLIKELY,VERY_UNLIKELY,cG2rDGZ.jpg,2022-05-09
LlfMDVs.jpg_Sat Jun 29 2019_20240804_025259.png,VERY_UNLIKELY,VERY_UNLIKELY,UNLIKELY,VERY_UNLIKELY,VERY_UNLIKELY,LlfMDVs.jpg,2019-06-29
CVIM9Go.jpg_Tue Jul 18 2023_20240804_025329.png,VERY_UNLIKELY,VERY_UNLIKELY,VERY_UNLIKELY,UNLIKELY,UNLIKELY,CVIM9Go.jpg,2023-07-18
jQU2CXs.jpg_Thu Jul 30 2020_20240804_014131.png,UNLIKELY,VERY_UNLIKELY,VERY_UNLIKELY,UNLIKELY,UNLIKELY,jQU2CXs.jpg,2020-07-30
OGb0PcM.jpeg_Tue Jul 09 2024_20240804_023549.png,VERY_UNLIKELY,VERY_LIKELY,VERY_UNLIKELY,VERY_LIKELY,UNLIKELY,OGb0PcM.jpeg,2024-07-09
l6X0BLa.jpeg_Thu Apr 18 2024_20240804_023136.png,VERY_UNLIKELY,VERY_UNLIKELY,UNLIKELY,VERY_UNLIKELY,VERY_UNLIKELY,l6X0BLa.jpeg,2024-04-18
KQPtdK3.png_Sat Mar 23 2024_20240804_015651.png,UNLIKELY,VERY_LIKELY,VERY_UNLIKELY,VERY_LIKELY,UNLIKELY,KQPtdK3.png,2024-03-23
9IrPzDb.jpg_Sun Sep 17 2023_20240804_024141.png,VERY_UNLIKELY,VERY_UNLIKELY,UNLIKELY,UNLIKELY,VERY_UNLIKELY,9IrPzDb.jpg,2023-09-17
KFRTd3v.jpeg_Wed Apr 17 2024_20240804_023130.png,POSSIBLE,VERY_LIKELY,UNLIKELY,VERY_LIKELY,POSSIBLE,KFRTd3v.jpeg,2024-04-17
YKAVO0p.jpeg_Tue Jul 09 2024_20240804_023629.png,UNLIKELY,VERY_LIKELY,VERY_UNLIKELY,VERY_LIKELY,POSSIBLE,YKAVO0p.jpeg,2024-07-09
oDvmPln.jpeg_Mon Jul 01 2024_20240804_023500.png,VERY_UNLIKELY,VERY_UNLIKELY,VERY_UNLIKELY,VERY_UNLIKELY,VERY_UNLIKELY,oDvmPln.jpeg,2024-07-01
41aQRSO.jpg_Thu Jun 20 2024_20240804_024339.png,VERY_UNLIKELY,VERY_UNLIKELY,VERY_UNLIKELY,VERY_UNLIKELY,VERY_UNLIKELY,41aQRSO.jpg,2024-06-20
XDNuBht.jpg_Tue May 31 2022_20240804_021933.png,VERY_UNLIKELY,VERY_UNLIKELY,VERY_UNLIKELY,VERY_UNLIKELY,UNLIKELY,XDNuBht.jpg,2022-05-31
cvD7ThX.jpg_Sun Apr 11 2021_20240804_024042.png,VERY_UNLIKELY,VERY_UNLIKELY,UNLIKELY,VERY_UNLIKELY,VERY_UNLIKELY,cvD7ThX.jpg,2021-04-11
6Tg4O6p.jpg_Tue Sep 05 2023_20240804_024457.png,VERY_UNLIKELY,VERY_UNLIKELY,VERY_UNLIKELY,VERY_UNLIKELY,VERY_UNLIKELY,6Tg4O6p.jpg,2023-09-05
CTnxluX.jpg_Sat Apr 09 2022_20240804_024316.png,VERY_UNLIKELY,VERY_UNLIKELY,POSSIBLE,UNLIKELY,UNLIKELY,CTnxluX.jpg,2022-04-09
eLhdMQq.png_Mon May 06 2024_20240804_023253.png,VERY_UNLIKELY,LIKELY,UNLIKELY,VERY_LIKELY,UNLIKELY,eLhdMQq.png,2024-05-06
gJ6YFXW.jpeg_Fri Apr 26 2024_20240804_014130.png,VERY_UNLIKELY,VERY_UNLIKELY,UNLIKELY,UNLIKELY,VERY_UNLIKELY,gJ6YFXW.jpeg,2024-04-26
TWtHcS1.jpg_Sun Sep 25 2022_20240804_023520.png,UNLIKELY,VERY_UNLIKELY,VERY_UNLIKELY,VERY_UNLIKELY,LIKELY,TWtHcS1.jpg,2022-09-25
xs8nMQU.jpg_Mon May 20 2019_20240804_012139.png,VERY_UNLIKELY,UNLIKELY,POSSIBLE,VERY_UNLIKELY,VERY_UNLIKELY,xs8nMQU.jpg,2019-05-20
8jiyI79.jpg_Thu Dec 21 2023_20240804_024220.png,UNLIKELY,VERY_UNLIKELY,VERY_UNLIKELY,VERY_UNLIKELY,VERY_UNLIKELY,8jiyI79.jpg,2023-12-21
Y4xORQp.png_Tue Jul 09 2024_20240804_023705.png,UNLIKELY,LIKELY,POSSIBLE,VERY_LIKELY,UNLIKELY,Y4xORQp.png,2024-07-09
e4N5EZJ.jpeg_Mon Apr 22 2024_20240804_012131.png,UNLIKELY,UNLIKELY,VERY_UNLIKELY,UNLIKELY,UNLIKELY,e4N5EZJ.jpeg,2024-04-22
zjNdVh1.jpg_Sat Sep 24 2016_20240804_024009.png,VERY_UNLIKELY,UNLIKELY,VERY_UNLIKELY,VERY_UNLIKELY,UNLIKELY,zjNdVh1.jpg,2016-09-24
pAgv9CC.jpg_Fri May 21 2021_20240804_024444.png,VERY_UNLIKELY,VERY_UNLIKELY,VERY_UNLIKELY,VERY_UNLIKELY,VERY_UNLIKELY,pAgv9CC.jpg,2021-05-21
pAwiJ5f.jpg_Mon Jun 27 2022_20240804_021249.png,VERY_UNLIKELY,VERY_UNLIKELY,UNLIKELY,VERY_UNLIKELY,VERY_UNLIKELY,pAwiJ5f.jpg,2022-06-27
s8onVF2.jpg_Wed Aug 17 2022_20240804_015406.png,UNLIKELY,VERY_UNLIKELY,UNLIKELY,POSSIBLE,POSSIBLE,s8onVF2.jpg,2022-08-17
noIKNTQ.jpg_Wed Jan 30 2019_20240804_015417.png,VERY_UNLIKELY,VERY_UNLIKELY,VERY_UNLIKELY,VERY_UNLIKELY,VERY_UNLIKELY,noIKNTQ.jpg,2019-01-30
OsUl1EE.jpeg_Fri Mar 29 2024_20240804_023803.png,VERY_UNLIKELY,LIKELY,UNLIKELY,VERY_LIKELY,UNLIKELY,OsUl1EE.jpeg,2024-03-29
HaYK6k3.jpg_Mon Apr 29 2024_20240804_023119.png,POSSIBLE,VERY_LIKELY,VERY_UNLIKELY,VERY_LIKELY,POSSIBLE,HaYK6k3.jpg,2024-04-29
YAFCnVM.jpg_Mon Apr 01 2024_20240804_024551.png,UNLIKELY,VERY_UNLIKELY,VERY_UNLIKELY,VERY_UNLIKELY,VERY_UNLIKELY,YAFCnVM.jpg,2024-04-01
j5Ylv8T.jpg_Wed Mar 04 2020_20240804_023359.png,UNLIKELY,VERY_UNLIKELY,VERY_UNLIKELY,UNLIKELY,VERY_UNLIKELY,j5Ylv8T.jpg,2020-03-04
oCWSD3D.jpg_Mon Apr 19 2021_20240804_010720.png,UNLIKELY,VERY_UNLIKELY,VERY_UNLIKELY,UNLIKELY,VERY_UNLIKELY,oCWSD3D.jpg,2021-04-19
r922UQB.jpg_Mon Jul 08 2024_20240804_014140.png,UNLIKELY,POSSIBLE,VERY_UNLIKELY,POSSIBLE,POSSIBLE,r922UQB.jpg,2024-07-08
9UOwgpo.jpg_Mon Jul 08 2024_20240804_024020.png,UNLIKELY,VERY_LIKELY,VERY_UNLIKELY,VERY_LIKELY,UNLIKELY,9UOwgpo.jpg,2024-07-08
VFzug2S.png_Wed Apr 10 2024_20240804_024608.png,VERY_UNLIKELY,VERY_UNLIKELY,VERY_UNLIKELY,VERY_UNLIKELY,VERY_UNLIKELY,VFzug2S.png,2024-04-10
Olma2O1.jpg_Mon Dec 20 2021_20240804_012421.png,VERY_UNLIKELY,VERY_UNLIKELY,UNLIKELY,VERY_UNLIKELY,VERY_UNLIKELY,Olma2O1.jpg,2021-12-20
QVW7Htq.jpg_Sat Jun 29 2024_20240804_024435.png,POSSIBLE,POSSIBLE,VERY_UNLIKELY,VERY_LIKELY,LIKELY,QVW7Htq.jpg,2024-06-29
1At0bw2.jpeg_Mon Jul 08 2024_20240804_023644.png,UNLIKELY,POSSIBLE,UNLIKELY,VERY_LIKELY,UNLIKELY,1At0bw2.jpeg,2024-07-08
IynzQiw.png_Tue Nov 03 2020_20240804_021907.png,UNLIKELY,VERY_UNLIKELY,VERY_UNLIKELY,VERY_UNLIKELY,UNLIKELY,IynzQiw.png,2020-11-03
8TzVSnU.jpg_Mon Nov 28 2022_20240804_021946.png,VERY_UNLIKELY,VERY_UNLIKELY,VERY_UNLIKELY,VERY_UNLIKELY,VERY_UNLIKELY,8TzVSnU.jpg,2022-11-28
us5SbBA.png_Wed Jul 01 2020_20240804_023848.png,UNLIKELY,VERY_UNLIKELY,VERY_UNLIKELY,VERY_UNLIKELY,UNLIKELY,us5SbBA.png,2020-07-01
gpb5dSt.png_Tue Mar 05 2024_20240804_024446.png,UNLIKELY,UNLIKELY,VERY_UNLIKELY,UNLIKELY,LIKELY,gpb5dSt.png,2024-03-05
Z5wr4pV.jpg_Sun Nov 14 2021_20240804_021923.png,VERY_UNLIKELY,VERY_UNLIKELY,UNLIKELY,VERY_UNLIKELY,VERY_UNLIKELY,Z5wr4pV.jpg,2021-11-14
ECG1x2V.jpg_Tue Apr 07 2020_20240804_024646.png,POSSIBLE,UNLIKELY,VERY_UNLIKELY,UNLIKELY,VERY_LIKELY,ECG1x2V.jpg,2020-04-07
BGIFkng.jpg_Tue Jan 09 2024_20240804_025051.png,VERY_UNLIKELY,VERY_UNLIKELY,VERY_UNLIKELY,UNLIKELY,VERY_UNLIKELY,BGIFkng.jpg,2024-01-09
a6FEjRc.jpg_Mon Nov 27 2017_20240804_023311.png,VERY_UNLIKELY,UNLIKELY,VERY_UNLIKELY,VERY_UNLIKELY,VERY_UNLIKELY,a6FEjRc.jpg,2017-11-27
TV6iocm.png_Sat Apr 13 2024_20240804_014139.png,VERY_UNLIKELY,VERY_LIKELY,VERY_UNLIKELY,VERY_LIKELY,UNLIKELY,TV6iocm.png,2024-04-13
dUJQVNU.jpg_Fri Apr 29 2022_20240804_024626.png,VERY_UNLIKELY,UNLIKELY,VERY_UNLIKELY,UNLIKELY,VERY_UNLIKELY,dUJQVNU.jpg,2022-04-29
zkTLUb4.jpg_Tue May 30 2017_20240804_025015.png,VERY_UNLIKELY,VERY_UNLIKELY,VERY_UNLIKELY,VERY_UNLIKELY,VERY_UNLIKELY,zkTLUb4.jpg,2017-05-30
8J8Bmhy.png_Mon May 29 2023_20240804_023939.png,VERY_UNLIKELY,VERY_UNLIKELY,VERY_UNLIKELY,VERY_UNLIKELY,VERY_UNLIKELY,8J8Bmhy.png,2023-05-29
EhPxEjb.jpg_Sat Jan 20 2024_20240804_015421.png,UNLIKELY,VERY_UNLIKELY,UNLIKELY,VERY_UNLIKELY,UNLIKELY,EhPxEjb.jpg,2024-01-20
IYnRCSc.png_Mon Jul 08 2024_20240804_024609.png,UNLIKELY,VERY_LIKELY,VERY_UNLIKELY,VERY_LIKELY,POSSIBLE,IYnRCSc.png,2024-07-08
F9YQEwQ.png_Sat Oct 24 2020_20240804_025105.png,UNLIKELY,VERY_UNLIKELY,UNLIKELY,VERY_UNLIKELY,UNLIKELY,F9YQEwQ.png,2020-10-24
a9o3uU8.jpeg_Fri May 03 2024_20240804_015708.png,VERY_UNLIKELY,VERY_UNLIKELY,VERY_UNLIKELY,VERY_UNLIKELY,VERY_UNLIKELY,a9o3uU8.jpeg,2024-05-03
aw5I446.jpg_Mon Jan 29 2018_20240804_022320.png,VERY_UNLIKELY,VERY_UNLIKELY,VERY_UNLIKELY,VERY_UNLIKELY,UNLIKELY,aw5I446.jpg,2018-01-29
ntbHFOg.jpg_Sat Mar 12 2022_20240804_023329.png,VERY_UNLIKELY,VERY_UNLIKELY,POSSIBLE,VERY_UNLIKELY,VERY_UNLIKELY,ntbHFOg.jpg,2022-03-12
oUEd1jv.jpg_Mon Mar 11 2019_20240804_023410.png,VERY_UNLIKELY,UNLIKELY,VERY_UNLIKELY,VERY_UNLIKELY,UNLIKELY,oUEd1jv.jpg,2019-03-11
7qOAT2D.png_Mon Jul 08 2024_20240804_023432.png,POSSIBLE,POSSIBLE,VERY_UNLIKELY,LIKELY,POSSIBLE,7qOAT2D.png,2024-07-08
4RhP8cr.jpg_Sat Mar 30 2024_20240804_024158.png,UNLIKELY,LIKELY,POSSIBLE,VERY_LIKELY,UNLIKELY,4RhP8cr.jpg,2024-03-30
DtUSBkk.jpg_Sun May 03 2020_20240804_025037.png,VERY_UNLIKELY,UNLIKELY,VERY_UNLIKELY,VERY_UNLIKELY,VERY_UNLIKELY,DtUSBkk.jpg,2020-05-03
eWDYkyH.jpg_Fri Jun 04 2021_20240804_022005.png,VERY_UNLIKELY,VERY_UNLIKELY,VERY_UNLIKELY,VERY_UNLIKELY,VERY_UNLIKELY,eWDYkyH.jpg,2021-06-04
YZFraWp.png_Sat Jul 06 2024_20240804_024549.png,VERY_UNLIKELY,UNLIKELY,UNLIKELY,POSSIBLE,VERY_UNLIKELY,YZFraWp.png,2024-07-06
7H2uTCl.jpg_Fri Mar 24 2023_20240804_014137.png,UNLIKELY,VERY_UNLIKELY,VERY_LIKELY,VERY_UNLIKELY,VERY_UNLIKELY,7H2uTCl.jpg,2023-03-24
0Vt7WqT.jpg_Sat Jul 10 2021_20240804_021935.png,VERY_UNLIKELY,VERY_UNLIKELY,UNLIKELY,VERY_UNLIKELY,UNLIKELY,0Vt7WqT.jpg,2021-07-10
KLW7Svq.jpg_Fri Mar 15 2024_20240804_023544.png,VERY_UNLIKELY,UNLIKELY,VERY_UNLIKELY,UNLIKELY,VERY_UNLIKELY,KLW7Svq.jpg,2024-03-15
vbJFRS9.jpeg_Mon Nov 06 2023_20240804_022213.png,UNLIKELY,VERY_UNLIKELY,UNLIKELY,VERY_UNLIKELY,POSSIBLE,vbJFRS9.jpeg,2023-11-06
dxqpdqW.jpeg_Thu Mar 28 2024_20240804_023301.png,VERY_UNLIKELY,LIKELY,VERY_UNLIKELY,LIKELY,UNLIKELY,dxqpdqW.jpeg,2024-03-28
OsxPBuT.jpeg_Wed Mar 20 2024_20240804_024102.png,VERY_UNLIKELY,VERY_UNLIKELY,VERY_UNLIKELY,VERY_UNLIKELY,UNLIKELY,OsxPBuT.jpeg,2024-03-20
4ONDAaV.jpeg_Sun Mar 10 2024_20240804_024724.png,VERY_UNLIKELY,VERY_LIKELY,UNLIKELY,VERY_LIKELY,UNLIKELY,4ONDAaV.jpeg,2024-03-10
kPb9Asi.jpg_Fri Jul 08 2022_20240804_024401.png,VERY_UNLIKELY,VERY_UNLIKELY,VERY_UNLIKELY,VERY_UNLIKELY,VERY_UNLIKELY,kPb9Asi.jpg,2022-07-08
dnlVt6s.jpg_Fri Jun 29 2018_20240804_015415.png,VERY_LIKELY,UNLIKELY,VERY_UNLIKELY,UNLIKELY,VERY_LIKELY,dnlVt6s.jpg,2018-06-29
Uyd9mKw.jpg_Sat May 21 2016_20240804_023843.png,VERY_UNLIKELY,VERY_UNLIKELY,VERY_LIKELY,UNLIKELY,UNLIKELY,Uyd9mKw.jpg,2016-05-21
zQSFGIu.png_Tue Jul 09 2024_20240804_024419.png,VERY_UNLIKELY,LIKELY,UNLIKELY,VERY_LIKELY,UNLIKELY,zQSFGIu.png,2024-07-09
VNlQr3I.jpg_Mon Feb 22 2016_20240804_023612.png,UNLIKELY,UNLIKELY,VERY_UNLIKELY,UNLIKELY,LIKELY,VNlQr3I.jpg,2016-02-22
sQGfIzu.jpg_Sat Apr 08 2023_20240804_023741.png,UNLIKELY,VERY_UNLIKELY,LIKELY,UNLIKELY,UNLIKELY,sQGfIzu.jpg,2023-04-08
cdpQ2mc.jpg_Sun Mar 10 2024_20240804_012202.png,VERY_UNLIKELY,VERY_UNLIKELY,VERY_UNLIKELY,VERY_UNLIKELY,UNLIKELY,cdpQ2mc.jpg,2024-03-10
RyPR4F0.jpg_Wed Mar 27 2024_20240804_024615.png,POSSIBLE,VERY_LIKELY,UNLIKELY,VERY_LIKELY,POSSIBLE,RyPR4F0.jpg,2024-03-27
QkC02bI.jpg_Sun Jun 16 2019_20240804_022209.png,POSSIBLE,VERY_UNLIKELY,UNLIKELY,UNLIKELY,POSSIBLE,QkC02bI.jpg,2019-06-16
d9r04Xi.png_Fri Aug 07 2020_20240804_025334.png,UNLIKELY,UNLIKELY,VERY_UNLIKELY,UNLIKELY,UNLIKELY,d9r04Xi.png,2020-08-07
aYqAcKE.jpg_Sun Mar 03 2019_20240804_023035.png,VERY_UNLIKELY,VERY_UNLIKELY,VERY_UNLIKELY,VERY_UNLIKELY,VERY_UNLIKELY,aYqAcKE.jpg,2019-03-03
8QXoSFs.jpg_Mon Jul 08 2024_20240804_022524.png,UNLIKELY,VERY_LIKELY,VERY_UNLIKELY,VERY_LIKELY,POSSIBLE,8QXoSFs.jpg,2024-07-08
PP6Uwqw.jpg_Sat Apr 20 2024_20240804_025251.png,UNLIKELY,VERY_LIKELY,VERY_UNLIKELY,VERY_LIKELY,UNLIKELY,PP6Uwqw.jpg,2024-04-20
SDOePGZ.jpg_Mon Nov 22 2021_20240804_023459.png,UNLIKELY,VERY_UNLIKELY,UNLIKELY,UNLIKELY,UNLIKELY,SDOePGZ.jpg,2021-11-22
YlGdZZy.jpg_Sat Jan 15 2022_20240804_023411.png,VERY_UNLIKELY,VERY_UNLIKELY,UNLIKELY,VERY_UNLIKELY,UNLIKELY,YlGdZZy.jpg,2022-01-15
6x6SYX1.jpg_Tue Sep 12 2023_20240804_024203.png,VERY_UNLIKELY,VERY_UNLIKELY,VERY_UNLIKELY,VERY_UNLIKELY,UNLIKELY,6x6SYX1.jpg,2023-09-12
O037XFf.jpg_Wed Jan 24 2018_20240804_023341.png,VERY_UNLIKELY,UNLIKELY,VERY_UNLIKELY,VERY_UNLIKELY,UNLIKELY,O037XFf.jpg,2018-01-24
N7U6OVD.jpg_Mon Feb 04 2019_20240804_021821.png,VERY_UNLIKELY,VERY_UNLIKELY,VERY_UNLIKELY,VERY_UNLIKELY,UNLIKELY,N7U6OVD.jpg,2019-02-04
FTfQtpe.jpg_Tue Nov 30 2021_20240804_022535.png,VERY_UNLIKELY,VERY_UNLIKELY,VERY_UNLIKELY,VERY_UNLIKELY,VERY_UNLIKELY,FTfQtpe.jpg,2021-11-30
LovUe6A.jpg_Thu Apr 18 2024_20240804_024059.png,UNLIKELY,VERY_LIKELY,VERY_UNLIKELY,VERY_LIKELY,UNLIKELY,LovUe6A.jpg,2024-04-18
xNqE9V2.jpeg_Sun May 05 2024_20240804_021952.png,UNLIKELY,VERY_UNLIKELY,VERY_UNLIKELY,UNLIKELY,LIKELY,xNqE9V2.jpeg,2024-05-05
Qvkd3c6.jpg_Wed Nov 09 2022_20240804_024619.png,VERY_UNLIKELY,VERY_UNLIKELY,VERY_UNLIKELY,VERY_UNLIKELY,VERY_UNLIKELY,Qvkd3c6.jpg,2022-11-09
l5IMbpF.jpg_Sun Dec 12 2021_20240804_023117.png,VERY_UNLIKELY,VERY_UNLIKELY,VERY_UNLIKELY,UNLIKELY,VERY_UNLIKELY,l5IMbpF.jpg,2021-12-12
dov0vBG.jpg_Sun Nov 17 2013_20240804_023034.png,UNLIKELY,VERY_UNLIKELY,POSSIBLE,VERY_UNLIKELY,UNLIKELY,dov0vBG.jpg,2013-11-17
PuWofNM.jpg_Thu Mar 28 2024_20240804_021924.png,VERY_UNLIKELY,VERY_UNLIKELY,VERY_UNLIKELY,VERY_UNLIKELY,UNLIKELY,PuWofNM.jpg,2024-03-28
daimUiJ.jpg_Sat Jun 24 2023_20240804_023414.png,VERY_UNLIKELY,VERY_UNLIKELY,VERY_UNLIKELY,VERY_UNLIKELY,UNLIKELY,daimUiJ.jpg,2023-06-24
hRu37Q3.jpg_Fri Mar 27 2020_20240804_025034.png,VERY_UNLIKELY,VERY_UNLIKELY,VERY_UNLIKELY,VERY_UNLIKELY,VERY_UNLIKELY,hRu37Q3.jpg,2020-03-27
0c2pnDb.jpg_Sun Feb 11 2024_20240804_015422.png,VERY_UNLIKELY,VERY_UNLIKELY,VERY_UNLIKELY,VERY_UNLIKELY,VERY_UNLIKELY,0c2pnDb.jpg,2024-02-11
v7wbldy.jpg_Tue Aug 18 2015_20240804_015426.png,UNLIKELY,UNLIKELY,UNLIKELY,UNLIKELY,POSSIBLE,v7wbldy.jpg,2015-08-18
VrQPxXk.jpeg_Tue Jul 09 2024_20240804_025010.png,UNLIKELY,POSSIBLE,VERY_UNLIKELY,VERY_LIKELY,UNLIKELY,VrQPxXk.jpeg,2024-07-09
L7hBIRv.jpg_Thu Oct 05 2023_20240804_022002.png,VERY_UNLIKELY,UNLIKELY,UNLIKELY,UNLIKELY,VERY_UNLIKELY,L7hBIRv.jpg,2023-10-05
QF6AhGg.jpg_Sun Mar 31 2024_20240804_023610.png,UNLIKELY,VERY_LIKELY,VERY_UNLIKELY,VERY_LIKELY,UNLIKELY,QF6AhGg.jpg,2024-03-31
a1supyc.jpg_Thu Jan 06 2022_20240804_023444.png,POSSIBLE,VERY_UNLIKELY,VERY_UNLIKELY,VERY_UNLIKELY,UNLIKELY,a1supyc.jpg,2022-01-06
RT6MijR.jpg_Fri Feb 14 2020_20240804_024617.png,POSSIBLE,VERY_UNLIKELY,VERY_UNLIKELY,UNLIKELY,VERY_LIKELY,RT6MijR.jpg,2020-02-14
HOZPxhF.jpg_Sat Oct 08 2016_20240804_023303.png,VERY_UNLIKELY,VERY_UNLIKELY,VERY_UNLIKELY,VERY_UNLIKELY,VERY_UNLIKELY,HOZPxhF.jpg,2016-10-08
pWN9WCC.jpg_Mon Mar 18 2019_20240804_023134.png,VERY_UNLIKELY,UNLIKELY,VERY_UNLIKELY,VERY_UNLIKELY,VERY_UNLIKELY,pWN9WCC.jpg,2019-03-18
IIqoVZM.jpeg_Tue Mar 05 2024_20240804_025246.png,VERY_UNLIKELY,LIKELY,UNLIKELY,VERY_LIKELY,UNLIKELY,IIqoVZM.jpeg,2024-03-05
hmKCmZ3.jpg_Sun Mar 31 2024_20240804_023300.png,VERY_UNLIKELY,VERY_LIKELY,VERY_UNLIKELY,VERY_LIKELY,UNLIKELY,hmKCmZ3.jpg,2024-03-31
37esrcx.jpeg_Wed May 22 2024_20240804_023941.png,VERY_UNLIKELY,UNLIKELY,VERY_UNLIKELY,VERY_UNLIKELY,UNLIKELY,37esrcx.jpeg,2024-05-22
ieKdtU6.jpg_Thu Jul 19 2018_20240804_023528.png,VERY_UNLIKELY,VERY_UNLIKELY,VERY_UNLIKELY,UNLIKELY,POSSIBLE,ieKdtU6.jpg,2018-07-19
HIwh40o.jpg_Sat Mar 05 2022_20240804_025301.png,VERY_UNLIKELY,UNLIKELY,VERY_UNLIKELY,VERY_UNLIKELY,VERY_LIKELY,HIwh40o.jpg,2022-03-05
CUAw4Lh.jpg_Wed Jan 12 2022_20240804_023641.png,UNLIKELY,VERY_UNLIKELY,VERY_UNLIKELY,VERY_UNLIKELY,UNLIKELY,CUAw4Lh.jpg,2022-01-12
3yt58S8.png_Fri Sep 22 2017_20240804_021931.png,VERY_UNLIKELY,VERY_UNLIKELY,VERY_UNLIKELY,VERY_UNLIKELY,VERY_UNLIKELY,3yt58S8.png,2017-09-22
y5Ud7DX.jpg_Wed Mar 11 2020_20240804_023837.png,VERY_UNLIKELY,VERY_UNLIKELY,VERY_UNLIKELY,VERY_UNLIKELY,VERY_UNLIKELY,y5Ud7DX.jpg,2020-03-11
xx5yKlZ.jpg_Sun Mar 17 2024_20240804_024211.png,UNLIKELY,VERY_UNLIKELY,VERY_UNLIKELY,UNLIKELY,POSSIBLE,xx5yKlZ.jpg,2024-03-17
N7aZ3nm.gif_Fri Jan 26 2018_20240804_024355.png,UNLIKELY,VERY_UNLIKELY,VERY_UNLIKELY,VERY_UNLIKELY,VERY_UNLIKELY,N7aZ3nm.gif,2018-01-26
5DeGjoI.jpeg_Sat Apr 13 2024_20240804_023630.png,VERY_UNLIKELY,VERY_UNLIKELY,VERY_UNLIKELY,VERY_UNLIKELY,VERY_UNLIKELY,5DeGjoI.jpeg,2024-04-13
85EwZV4.png_Sun Oct 24 2021_20240804_024533.png,VERY_UNLIKELY,VERY_UNLIKELY,VERY_UNLIKELY,VERY_UNLIKELY,VERY_UNLIKELY,85EwZV4.png,2021-10-24
OWAM8wS.jpg_Sun Aug 18 2019_20240804_024332.png,VERY_UNLIKELY,VERY_UNLIKELY,VERY_LIKELY,UNLIKELY,VERY_UNLIKELY,OWAM8wS.jpg,2019-08-18
Enfqyi8.jpg_Thu Dec 07 2017_20240804_023235.png,UNLIKELY,UNLIKELY,UNLIKELY,UNLIKELY,POSSIBLE,Enfqyi8.jpg,2017-12-07
IWhWw1w.jpg_Sat Jan 30 2021_20240804_024531.png,POSSIBLE,POSSIBLE,VERY_UNLIKELY,POSSIBLE,LIKELY,IWhWw1w.jpg,2021-01-30
IZdc1gK.gif_Thu Aug 11 2022_20240804_023254.png,VERY_UNLIKELY,UNLIKELY,VERY_UNLIKELY,UNLIKELY,UNLIKELY,IZdc1gK.gif,2022-08-11
SMxjAGm.jpg_Thu Feb 02 2023_20240804_025110.png,VERY_UNLIKELY,UNLIKELY,VERY_UNLIKELY,VERY_UNLIKELY,UNLIKELY,SMxjAGm.jpg,2023-02-02
SrH2jW5.jpg_Sat Feb 20 2021_20240804_024623.png,UNLIKELY,UNLIKELY,UNLIKELY,VERY_UNLIKELY,POSSIBLE,SrH2jW5.jpg,2021-02-20
bDkdXDR.jpg_Fri Mar 08 2024_20240804_023542.png,VERY_UNLIKELY,VERY_UNLIKELY,VERY_UNLIKELY,VERY_UNLIKELY,UNLIKELY,bDkdXDR.jpg,2024-03-08
wGuRMr6.jpg_Thu Aug 13 2020_20240804_023009.png,VERY_LIKELY,UNLIKELY,VERY_UNLIKELY,UNLIKELY,VERY_LIKELY,wGuRMr6.jpg,2020-08-13
QZ2yaVx.jpg_Wed Aug 08 2018_20240804_023745.png,UNLIKELY,VERY_UNLIKELY,VERY_UNLIKELY,VERY_UNLIKELY,VERY_UNLIKELY,QZ2yaVx.jpg,2018-08-08
P2p9Fqz.jpeg_Sun Jul 07 2024_20240804_025235.png,UNLIKELY,UNLIKELY,VERY_UNLIKELY,POSSIBLE,LIKELY,P2p9Fqz.jpeg,2024-07-07
6iXuB3Q.jpeg_Mon Apr 29 2024_20240804_024123.png,VERY_UNLIKELY,VERY_UNLIKELY,VERY_UNLIKELY,VERY_UNLIKELY,VERY_UNLIKELY,6iXuB3Q.jpeg,2024-04-29
8oa3sTh.jpg_Fri Nov 16 2018_20240804_024406.png,VERY_UNLIKELY,VERY_UNLIKELY,VERY_UNLIKELY,VERY_UNLIKELY,VERY_UNLIKELY,8oa3sTh.jpg,2018-11-16
LRethP6.jpg_Fri Oct 16 2020_20240804_023919.png,VERY_UNLIKELY,VERY_UNLIKELY,VERY_UNLIKELY,VERY_UNLIKELY,UNLIKELY,LRethP6.jpg,2020-10-16
BEVlJa7.jpg_Thu Oct 05 2017_20240804_010732.png,VERY_UNLIKELY,VERY_UNLIKELY,VERY_UNLIKELY,VERY_UNLIKELY,VERY_UNLIKELY,BEVlJa7.jpg,2017-10-05
cASLid6.jpg_Fri Mar 20 2015_20240804_024231.png,VERY_UNLIKELY,VERY_UNLIKELY,VERY_UNLIKELY,VERY_UNLIKELY,VERY_UNLIKELY,cASLid6.jpg,2015-03-20
ZZQ6CMY.jpg_Sat Feb 07 2015_20240804_023506.png,VERY_UNLIKELY,VERY_UNLIKELY,UNLIKELY,UNLIKELY,UNLIKELY,ZZQ6CMY.jpg,2015-02-07
uUHpUnz.png_Thu Feb 15 2024_20240804_023720.png,VERY_UNLIKELY,VERY_UNLIKELY,LIKELY,UNLIKELY,UNLIKELY,uUHpUnz.png,2024-02-15
8yIqkOu.jpg_Wed Mar 27 2024_20240804_025318.png,UNLIKELY,VERY_LIKELY,VERY_UNLIKELY,VERY_LIKELY,POSSIBLE,8yIqkOu.jpg,2024-03-27
zuEI76A.png_Sat Jul 06 2024_20240804_024011.png,UNLIKELY,UNLIKELY,VERY_UNLIKELY,UNLIKELY,POSSIBLE,zuEI76A.png,2024-07-06
hnUzhxH.png_Tue Apr 02 2024_20240804_023639.png,UNLIKELY,UNLIKELY,POSSIBLE,POSSIBLE,POSSIBLE,hnUzhxH.png,2024-04-02
TZ6qEOS.jpg_Sun Nov 12 2023_20240804_024132.png,VERY_UNLIKELY,UNLIKELY,UNLIKELY,VERY_UNLIKELY,VERY_UNLIKELY,TZ6qEOS.jpg,2023-11-12
DVid4Pv.jpg_Sat Dec 29 2018_20240804_021923.png,VERY_UNLIKELY,VERY_UNLIKELY,UNLIKELY,VERY_UNLIKELY,UNLIKELY,DVid4Pv.jpg,2018-12-29
JsRcPb4.jpg_Sun Sep 10 2023_20240804_024249.png,VERY_UNLIKELY,VERY_UNLIKELY,VERY_UNLIKELY,VERY_UNLIKELY,VERY_UNLIKELY,JsRcPb4.jpg,2023-09-10
eG12zNq.png_Wed Jul 10 2024_20240804_015429.png,UNLIKELY,UNLIKELY,UNLIKELY,POSSIBLE,LIKELY,eG12zNq.png,2024-07-10
5eWwj3q.jpeg_Wed May 01 2024_20240804_024707.png,VERY_UNLIKELY,VERY_UNLIKELY,VERY_UNLIKELY,VERY_UNLIKELY,UNLIKELY,5eWwj3q.jpeg,2024-05-01
yzwiaRA.jpeg_Mon Jul 08 2024_20240804_014138.png,UNLIKELY,VERY_LIKELY,UNLIKELY,VERY_LIKELY,POSSIBLE,yzwiaRA.jpeg,2024-07-08
SKXdMUk.jpeg_Thu May 18 2023_20240804_023953.png,VERY_UNLIKELY,VERY_UNLIKELY,VERY_UNLIKELY,VERY_UNLIKELY,UNLIKELY,SKXdMUk.jpeg,2023-05-18
1kjeohd.png_Sat Mar 30 2024_20240804_025104.png,UNLIKELY,VERY_LIKELY,VERY_UNLIKELY,VERY_LIKELY,POSSIBLE,1kjeohd.png,2024-03-30
pZnEZ5g.jpg_Sat Jun 15 2024_20240804_012401.png,VERY_UNLIKELY,VERY_UNLIKELY,VERY_UNLIKELY,VERY_UNLIKELY,VERY_UNLIKELY,pZnEZ5g.jpg,2024-06-15
RyZJVGe.jpeg_Mon Jan 10 2022_20240804_025313.png,VERY_UNLIKELY,VERY_UNLIKELY,VERY_UNLIKELY,UNLIKELY,POSSIBLE,RyZJVGe.jpeg,2022-01-10
HgZCzd2.jpg_Mon May 04 2020_20240804_024625.png,VERY_UNLIKELY,VERY_UNLIKELY,VERY_UNLIKELY,UNLIKELY,VERY_UNLIKELY,HgZCzd2.jpg,2020-05-04
1fT31WN.png_Mon Jul 08 2024_20240804_024553.png,VERY_UNLIKELY,LIKELY,VERY_UNLIKELY,VERY_LIKELY,POSSIBLE,1fT31WN.png,2024-07-08
mo0bxD2.jpg_Fri Sep 09 2016_20240804_024948.png,VERY_UNLIKELY,UNLIKELY,UNLIKELY,UNLIKELY,VERY_UNLIKELY,mo0bxD2.jpg,2016-09-09
gmPAuOf.jpg_Fri Jul 05 2024_20240804_023917.png,VERY_UNLIKELY,LIKELY,VERY_UNLIKELY,VERY_LIKELY,UNLIKELY,gmPAuOf.jpg,2024-07-05
tuUldwv.jpg_Sat Apr 21 2018_20240804_023752.png,VERY_UNLIKELY,VERY_UNLIKELY,VERY_UNLIKELY,VERY_UNLIKELY,VERY_UNLIKELY,tuUldwv.jpg,2018-04-21
6bCo3Xs.png_Fri Mar 19 2021_20240804_023900.png,UNLIKELY,VERY_UNLIKELY,VERY_UNLIKELY,VERY_UNLIKELY,VERY_UNLIKELY,6bCo3Xs.png,2021-03-19
Mh0ErBz.png_Sun Jul 07 2024_20240804_023332.png,UNLIKELY,VERY_LIKELY,VERY_UNLIKELY,LIKELY,POSSIBLE,Mh0ErBz.png,2024-07-07
vK6w4Db.jpeg_Sun Jul 07 2024_20240804_023408.png,VERY_UNLIKELY,UNLIKELY,VERY_UNLIKELY,UNLIKELY,VERY_UNLIKELY,vK6w4Db.jpeg,2024-07-07
mlMW0pz.jpg_Fri Oct 14 2022_20240804_021637.png,UNLIKELY,VERY_UNLIKELY,UNLIKELY,VERY_UNLIKELY,POSSIBLE,mlMW0pz.jpg,2022-10-14
iX5YCJy.png_Sun Jul 07 2024_20240804_023828.png,VERY_UNLIKELY,UNLIKELY,VERY_UNLIKELY,UNLIKELY,VERY_UNLIKELY,iX5YCJy.png,2024-07-07
5k11k3s.jpg_Tue Jan 10 2023_20240804_024243.png,LIKELY,POSSIBLE,VERY_UNLIKELY,UNLIKELY,VERY_LIKELY,5k11k3s.jpg,2023-01-10
suBSVSq.jpg_Fri Oct 13 2017_20240804_023455.png,UNLIKELY,VERY_UNLIKELY,VERY_UNLIKELY,UNLIKELY,VERY_LIKELY,suBSVSq.jpg,2017-10-13
iAm4YVD.jpg_Thu Dec 09 2021_20240804_010704.png,VERY_UNLIKELY,VERY_UNLIKELY,VERY_UNLIKELY,VERY_UNLIKELY,VERY_UNLIKELY,iAm4YVD.jpg,2021-12-09
FwYtUjk.jpeg_Sat Jul 06 2024_20240804_015425.png,VERY_UNLIKELY,POSSIBLE,VERY_UNLIKELY,LIKELY,POSSIBLE,FwYtUjk.jpeg,2024-07-06
4I9gc8E.png_Mon Jul 08 2024_20240804_025321.png,UNLIKELY,UNLIKELY,VERY_UNLIKELY,UNLIKELY,VERY_UNLIKELY,4I9gc8E.png,2024-07-08
RXvLWsw.jpg_Sun Jul 23 2023_20240804_025152.png,UNLIKELY,VERY_UNLIKELY,VERY_LIKELY,VERY_UNLIKELY,UNLIKELY,RXvLWsw.jpg,2023-07-23
vXDVr3F.jpeg_Wed May 15 2024_20240804_015707.png,VERY_UNLIKELY,VERY_UNLIKELY,UNLIKELY,VERY_UNLIKELY,UNLIKELY,vXDVr3F.jpeg,2024-05-15
YBiB7nK.jpeg_Wed Jul 10 2024_20240804_023447.png,UNLIKELY,VERY_LIKELY,UNLIKELY,VERY_LIKELY,UNLIKELY,YBiB7nK.jpeg,2024-07-10
FaLhtiV.jpg_Sat Apr 02 2022_20240804_025210.png,UNLIKELY,UNLIKELY,VERY_UNLIKELY,VERY_UNLIKELY,POSSIBLE,FaLhtiV.jpg,2022-04-02
mHe9KX1.jpg_Tue Jul 09 2024_20240804_015655.png,UNLIKELY,UNLIKELY,VERY_UNLIKELY,UNLIKELY,LIKELY,mHe9KX1.jpg,2024-07-09
4m6okc0.jpg_Tue Nov 06 2018_20240804_015426.png,VERY_UNLIKELY,VERY_UNLIKELY,VERY_UNLIKELY,VERY_UNLIKELY,VERY_UNLIKELY,4m6okc0.jpg,2018-11-06
fofYTyz.png_Sat Jul 06 2024_20240804_023617.png,UNLIKELY,VERY_LIKELY,UNLIKELY,VERY_LIKELY,POSSIBLE,fofYTyz.png,2024-07-06
30DQLZV.jpg_Mon Jul 08 2024_20240804_022533.png,VERY_UNLIKELY,VERY_LIKELY,POSSIBLE,VERY_LIKELY,UNLIKELY,30DQLZV.jpg,2024-07-08
teEq7to.jpg_Tue Apr 02 2024_20240804_022001.png,VERY_UNLIKELY,VERY_UNLIKELY,VERY_UNLIKELY,VERY_UNLIKELY,VERY_UNLIKELY,teEq7to.jpg,2024-04-02
W2bXCky.jpeg_Mon Jul 08 2024_20240804_023450.png,POSSIBLE,LIKELY,VERY_UNLIKELY,VERY_LIKELY,POSSIBLE,W2bXCky.jpeg,2024-07-08
yLJD4zz.png_Sun May 26 2024_20240804_023553.png,VERY_UNLIKELY,VERY_UNLIKELY,UNLIKELY,UNLIKELY,VERY_UNLIKELY,yLJD4zz.png,2024-05-26
Wzkli9g.jpg_Thu Mar 29 2018_20240804_024215.png,UNLIKELY,VERY_UNLIKELY,VERY_UNLIKELY,VERY_UNLIKELY,VERY_UNLIKELY,Wzkli9g.jpg,2018-03-29
e4z8Gd8.gif_Tue Oct 24 2023_20240804_021949.png,POSSIBLE,VERY_UNLIKELY,VERY_UNLIKELY,VERY_UNLIKELY,UNLIKELY,e4z8Gd8.gif,2023-10-24
OTIZnqa.jpeg_Sun Jun 30 2024_20240804_025336.png,VERY_UNLIKELY,UNLIKELY,VERY_UNLIKELY,VERY_UNLIKELY,VERY_UNLIKELY,OTIZnqa.jpeg,2024-06-30
yuoBIpO.jpeg_Wed Jul 13 2022_20240804_021246.png,UNLIKELY,VERY_UNLIKELY,VERY_UNLIKELY,UNLIKELY,LIKELY,yuoBIpO.jpeg,2022-07-13
izx52gv.jpg_Sat Sep 14 2019_20240804_021928.png,VERY_UNLIKELY,UNLIKELY,VERY_UNLIKELY,UNLIKELY,VERY_UNLIKELY,izx52gv.jpg,2019-09-14
HVv6fbx.jpg_Fri May 20 2022_20240804_024950.png,UNLIKELY,VERY_UNLIKELY,UNLIKELY,VERY_UNLIKELY,POSSIBLE,HVv6fbx.jpg,2022-05-20
WLHXcad.jpg_Sun May 01 2016_20240804_023502.png,VERY_UNLIKELY,VERY_UNLIKELY,VERY_UNLIKELY,UNLIKELY,VERY_UNLIKELY,WLHXcad.jpg,2016-05-01
yhYqj4Z.png_Sun Aug 07 2016_20240804_015647.png,VERY_UNLIKELY,VERY_UNLIKELY,VERY_UNLIKELY,VERY_UNLIKELY,VERY_UNLIKELY,yhYqj4Z.png,2016-08-07
WaDQTut.jpg_Wed Jan 17 2024_20240804_021915.png,UNLIKELY,VERY_UNLIKELY,VERY_UNLIKELY,VERY_UNLIKELY,UNLIKELY,WaDQTut.jpg,2024-01-17
BPiPsna.jpg_Mon Apr 04 2022_20240804_024250.png,UNLIKELY,VERY_UNLIKELY,VERY_UNLIKELY,UNLIKELY,LIKELY,BPiPsna.jpg,2022-04-04
V0fPWv6.png_Mon Jul 08 2024_20240804_021930.png,UNLIKELY,LIKELY,VERY_UNLIKELY,VERY_LIKELY,UNLIKELY,V0fPWv6.png,2024-07-08
NQY5bA8.jpg_Sat Jul 06 2024_20240804_023320.png,VERY_UNLIKELY,VERY_LIKELY,VERY_UNLIKELY,VERY_LIKELY,UNLIKELY,NQY5bA8.jpg,2024-07-06
ApJL12Q.jpg_Sun Sep 29 2019_20240804_015654.png,UNLIKELY,VERY_UNLIKELY,VERY_UNLIKELY,UNLIKELY,POSSIBLE,ApJL12Q.jpg,2019-09-29
gk1QiKK.jpg_Fri Sep 10 2021_20240804_022318.png,VERY_UNLIKELY,UNLIKELY,UNLIKELY,VERY_UNLIKELY,UNLIKELY,gk1QiKK.jpg,2021-09-10
6YwkXsd.jpg_Thu Aug 31 2023_20240804_021926.png,VERY_UNLIKELY,VERY_UNLIKELY,VERY_UNLIKELY,VERY_UNLIKELY,VERY_UNLIKELY,6YwkXsd.jpg,2023-08-31
Y9eZ3qh.jpg_Thu Feb 18 2021_20240804_023656.png,VERY_UNLIKELY,UNLIKELY,VERY_UNLIKELY,UNLIKELY,UNLIKELY,Y9eZ3qh.jpg,2021-02-18
5cyZj0y.png_Tue Jul 09 2024_20240804_024034.png,UNLIKELY,UNLIKELY,LIKELY,VERY_LIKELY,UNLIKELY,5cyZj0y.png,2024-07-09
LbSSLXn.jpeg_Sat May 04 2024_20240804_025316.png,VERY_UNLIKELY,VERY_LIKELY,VERY_UNLIKELY,VERY_LIKELY,UNLIKELY,LbSSLXn.jpeg,2024-05-04
cxoEThy.jpg_Sun Oct 22 2023_20240804_023859.png,VERY_UNLIKELY,UNLIKELY,UNLIKELY,VERY_UNLIKELY,VERY_UNLIKELY,cxoEThy.jpg,2023-10-22
WLbLHyz.jpeg_Mon Apr 29 2024_20240804_024426.png,UNLIKELY,UNLIKELY,VERY_UNLIKELY,VERY_UNLIKELY,LIKELY,WLbLHyz.jpeg,2024-04-29
JjOpWZs.jpg_Mon Jun 26 2023_20240804_021905.png,VERY_UNLIKELY,VERY_UNLIKELY,VERY_UNLIKELY,VERY_UNLIKELY,VERY_UNLIKELY,JjOpWZs.jpg,2023-06-26
3uES8Yd.jpg_Mon Nov 09 2020_20240804_023932.png,UNLIKELY,UNLIKELY,VERY_UNLIKELY,UNLIKELY,VERY_UNLIKELY,3uES8Yd.jpg,2020-11-09
bj1eFMj.jpg_Thu Apr 11 2019_20240804_025306.png,UNLIKELY,UNLIKELY,VERY_UNLIKELY,VERY_UNLIKELY,VERY_LIKELY,bj1eFMj.jpg,2019-04-11
QbitGui.png_Sun Mar 31 2024_20240804_024129.png,UNLIKELY,VERY_UNLIKELY,VERY_UNLIKELY,VERY_UNLIKELY,VERY_UNLIKELY,QbitGui.png,2024-03-31
i9GMwYL.png_Fri Mar 29 2024_20240804_025312.png,VERY_UNLIKELY,UNLIKELY,VERY_UNLIKELY,VERY_UNLIKELY,VERY_UNLIKELY,i9GMwYL.png,2024-03-29
Lep1GAj.jpg_Mon Oct 23 2023_20240804_023342.png,UNLIKELY,VERY_UNLIKELY,VERY_UNLIKELY,VERY_UNLIKELY,VERY_UNLIKELY,Lep1GAj.jpg,2023-10-23
ETTFRNc.jpg_Sat Aug 05 2023_20240804_015427.png,VERY_UNLIKELY,UNLIKELY,VERY_UNLIKELY,VERY_UNLIKELY,VERY_UNLIKELY,ETTFRNc.jpg,2023-08-05
B45FmoA.jpg_Wed Mar 20 2024_20240804_023902.png,VERY_UNLIKELY,LIKELY,UNLIKELY,VERY_LIKELY,UNLIKELY,B45FmoA.jpg,2024-03-20
21JtWTt.jpg_Sat Dec 11 2021_20240804_024442.png,POSSIBLE,VERY_UNLIKELY,POSSIBLE,UNLIKELY,VERY_LIKELY,21JtWTt.jpg,2021-12-11
4G4EyQU.jpg_Thu May 30 2024_20240804_023943.png,UNLIKELY,VERY_UNLIKELY,VERY_UNLIKELY,UNLIKELY,VERY_UNLIKELY,4G4EyQU.jpg,2024-05-30
eqLqxUD.jpeg_Fri May 31 2024_20240804_023735.png,VERY_UNLIKELY,VERY_UNLIKELY,VERY_UNLIKELY,VERY_UNLIKELY,VERY_UNLIKELY,eqLqxUD.jpeg,2024-05-31
J3fIuGd.jpg_Fri Apr 12 2024_20240804_021634.png,UNLIKELY,VERY_UNLIKELY,VERY_UNLIKELY,VERY_UNLIKELY,UNLIKELY,J3fIuGd.jpg,2024-04-12
Nf8c0wM.png_Sun Apr 30 2023_20240804_021945.png,UNLIKELY,UNLIKELY,VERY_UNLIKELY,VERY_UNLIKELY,POSSIBLE,Nf8c0wM.png,2023-04-30
BzNOTd9.jpg_Thu Dec 23 2021_20240804_024544.png,UNLIKELY,UNLIKELY,VERY_UNLIKELY,VERY_UNLIKELY,VERY_LIKELY,BzNOTd9.jpg,2021-12-23
sNOQoux.jpeg_Mon Jul 08 2024_20240804_025017.png,VERY_UNLIKELY,UNLIKELY,VERY_UNLIKELY,LIKELY,UNLIKELY,sNOQoux.jpeg,2024-07-08
Uamtnov.jpg_Sun Apr 03 2022_20240804_024719.png,UNLIKELY,UNLIKELY,UNLIKELY,UNLIKELY,POSSIBLE,Uamtnov.jpg,2022-04-03
rB6b8tQ.jpg_Sun Jul 07 2024_20240804_015702.png,UNLIKELY,VERY_LIKELY,UNLIKELY,VERY_LIKELY,POSSIBLE,rB6b8tQ.jpg,2024-07-07
ZngemWT.jpg_Sat Jul 10 2021_20240804_021908.png,VERY_UNLIKELY,VERY_UNLIKELY,VERY_UNLIKELY,VERY_UNLIKELY,VERY_UNLIKELY,ZngemWT.jpg,2021-07-10
4nMulea.jpg_Thu Apr 04 2024_20240804_025008.png,VERY_UNLIKELY,VERY_UNLIKELY,VERY_UNLIKELY,VERY_UNLIKELY,VERY_UNLIKELY,4nMulea.jpg,2024-04-04
0nDkIfy.jpeg_Sun Jun 30 2024_20240804_023602.png,VERY_UNLIKELY,VERY_UNLIKELY,VERY_UNLIKELY,VERY_UNLIKELY,UNLIKELY,0nDkIfy.jpeg,2024-06-30
cwmTvaI.jpg_Thu Nov 09 2023_20240804_023515.png,UNLIKELY,VERY_UNLIKELY,VERY_UNLIKELY,VERY_UNLIKELY,UNLIKELY,cwmTvaI.jpg,2023-11-09
XS7N4V2.jpeg_Tue Jan 09 2024_20240804_024144.png,UNLIKELY,VERY_UNLIKELY,VERY_UNLIKELY,VERY_UNLIKELY,UNLIKELY,XS7N4V2.jpeg,2024-01-09
qPqKHmp.jpg_Mon Mar 11 2024_20240804_021918.png,UNLIKELY,VERY_UNLIKELY,VERY_UNLIKELY,VERY_UNLIKELY,UNLIKELY,qPqKHmp.jpg,2024-03-11
XoVY64N.jpg_Sun Mar 31 2024_20240804_021819.png,UNLIKELY,VERY_LIKELY,UNLIKELY,VERY_LIKELY,POSSIBLE,XoVY64N.jpg,2024-03-31
lvDdL8r.jpg_Mon Nov 06 2017_20240804_023654.png,VERY_UNLIKELY,VERY_UNLIKELY,VERY_UNLIKELY,VERY_UNLIKELY,VERY_UNLIKELY,lvDdL8r.jpg,2017-11-06
CXLygKJ.jpeg_Sun Jul 07 2024_20240804_024606.png,UNLIKELY,POSSIBLE,VERY_UNLIKELY,VERY_LIKELY,POSSIBLE,CXLygKJ.jpeg,2024-07-07
U1tUnGs.jpeg_Wed Jul 03 2024_20240804_015706.png,VERY_UNLIKELY,VERY_UNLIKELY,UNLIKELY,UNLIKELY,VERY_UNLIKELY,U1tUnGs.jpeg,2024-07-03
gxd4gJA.jpg_Sun Jul 16 2023_20240804_024104.png,VERY_LIKELY,UNLIKELY,UNLIKELY,LIKELY,VERY_LIKELY,gxd4gJA.jpg,2023-07-16
ioPRFDS.jpg_Mon Jan 03 2022_20240804_023337.png,VERY_UNLIKELY,VERY_UNLIKELY,UNLIKELY,VERY_UNLIKELY,VERY_UNLIKELY,ioPRFDS.jpg,2022-01-03
F9EwcOl.jpg_Sun Aug 13 2017_20240804_023159.png,VERY_UNLIKELY,VERY_UNLIKELY,VERY_UNLIKELY,VERY_UNLIKELY,UNLIKELY,F9EwcOl.jpg,2017-08-13
Bz0oJPQ.jpg_Tue Dec 26 2017_20240804_023039.png,UNLIKELY,VERY_UNLIKELY,VERY_UNLIKELY,VERY_UNLIKELY,VERY_UNLIKELY,Bz0oJPQ.jpg,2017-12-26
M8iO1pU.jpg_Tue Apr 02 2024_20240804_025222.png,UNLIKELY,POSSIBLE,VERY_UNLIKELY,VERY_LIKELY,UNLIKELY,M8iO1pU.jpg,2024-04-02
ddQ9PQk.jpg_Mon Mar 24 2014_20240804_023816.png,VERY_UNLIKELY,VERY_UNLIKELY,VERY_UNLIKELY,VERY_UNLIKELY,VERY_UNLIKELY,ddQ9PQk.jpg,2014-03-24
7xF5DWw.jpg_Wed Feb 07 2018_20240804_023314.png,UNLIKELY,VERY_UNLIKELY,VERY_UNLIKELY,VERY_UNLIKELY,LIKELY,7xF5DWw.jpg,2018-02-07
DoQqECv.jpeg_Mon May 20 2024_20240804_021940.png,VERY_UNLIKELY,VERY_UNLIKELY,UNLIKELY,VERY_UNLIKELY,VERY_UNLIKELY,DoQqECv.jpeg,2024-05-20
tjZGSNq.jpg_Wed Dec 27 2023_20240804_024318.png,VERY_UNLIKELY,VERY_UNLIKELY,UNLIKELY,VERY_UNLIKELY,VERY_UNLIKELY,tjZGSNq.jpg,2023-12-27
ReQG161.jpg_Fri Jul 05 2024_20240804_023138.png,VERY_UNLIKELY,VERY_UNLIKELY,VERY_UNLIKELY,VERY_UNLIKELY,VERY_UNLIKELY,ReQG161.jpg,2024-07-05
cQudPuG.jpg_Thu Jun 13 2024_20240804_021957.png,VERY_UNLIKELY,VERY_UNLIKELY,VERY_UNLIKELY,VERY_UNLIKELY,VERY_UNLIKELY,cQudPuG.jpg,2024-06-13
aG1MoYh.jpg_Wed Jan 24 2024_20240804_024447.png,VERY_UNLIKELY,VERY_UNLIKELY,UNLIKELY,VERY_UNLIKELY,VERY_UNLIKELY,aG1MoYh.jpg,2024-01-24
MS1s3g3.png_Thu Mar 21 2024_20240804_021931.png,VERY_UNLIKELY,UNLIKELY,LIKELY,UNLIKELY,VERY_UNLIKELY,MS1s3g3.png,2024-03-21
WnQtb6D.jpg_Fri Jul 20 2018_20240804_024509.png,VERY_UNLIKELY,UNLIKELY,VERY_UNLIKELY,VERY_UNLIKELY,VERY_UNLIKELY,WnQtb6D.jpg,2018-07-20
lRjou6a.jpg_Tue Oct 04 2022_20240804_025320.png,VERY_UNLIKELY,UNLIKELY,UNLIKELY,VERY_UNLIKELY,UNLIKELY,lRjou6a.jpg,2022-10-04
Hqkv8RQ.jpg_Sat Dec 05 2015_20240804_015357.png,VERY_UNLIKELY,VERY_UNLIKELY,VERY_UNLIKELY,VERY_UNLIKELY,POSSIBLE,Hqkv8RQ.jpg,2015-12-05
3sWZy6Q.jpg_Sat Jun 25 2022_20240804_023608.png,POSSIBLE,UNLIKELY,VERY_UNLIKELY,VERY_UNLIKELY,UNLIKELY,3sWZy6Q.jpg,2022-06-25
61OgYSK.jpg_Wed Mar 30 2022_20240804_024701.png,VERY_UNLIKELY,UNLIKELY,UNLIKELY,VERY_UNLIKELY,UNLIKELY,61OgYSK.jpg,2022-03-30
NK8Vbfe.jpg_Sat Apr 22 2023_20240804_015235.png,UNLIKELY,UNLIKELY,VERY_UNLIKELY,UNLIKELY,LIKELY,NK8Vbfe.jpg,2023-04-22
UBi9XiI.png_Wed Jul 03 2024_20240804_024648.png,UNLIKELY,VERY_UNLIKELY,VERY_UNLIKELY,VERY_UNLIKELY,VERY_UNLIKELY,UBi9XiI.png,2024-07-03
AgOFqlR.jpg_Sun Apr 07 2024_20240804_023014.png,VERY_UNLIKELY,LIKELY,VERY_UNLIKELY,VERY_LIKELY,UNLIKELY,AgOFqlR.jpg,2024-04-07
phROI4s.jpg_Fri Aug 20 2021_20240804_014128.png,VERY_UNLIKELY,POSSIBLE,VERY_UNLIKELY,VERY_UNLIKELY,UNLIKELY,phROI4s.jpg,2021-08-20
uHGFCk5.jpg_Sat Aug 12 2023_20240804_024207.png,VERY_UNLIKELY,VERY_UNLIKELY,UNLIKELY,VERY_UNLIKELY,UNLIKELY,uHGFCk5.jpg,2023-08-12
pq19fvz.png_Mon Jul 08 2024_20240804_015402.png,UNLIKELY,VERY_UNLIKELY,UNLIKELY,VERY_LIKELY,POSSIBLE,pq19fvz.png,2024-07-08
Mys4u7p.png_Fri Jan 29 2021_20240804_023634.png,UNLIKELY,VERY_UNLIKELY,VERY_UNLIKELY,VERY_UNLIKELY,UNLIKELY,Mys4u7p.png,2021-01-29
TlxNP27.jpg_Fri Apr 12 2024_20240804_022006.png,VERY_UNLIKELY,VERY_UNLIKELY,UNLIKELY,UNLIKELY,VERY_UNLIKELY,TlxNP27.jpg,2024-04-12
O9flKDE.jpg_Thu Dec 07 2023_20240804_024225.png,VERY_UNLIKELY,VERY_UNLIKELY,VERY_UNLIKELY,VERY_UNLIKELY,VERY_UNLIKELY,O9flKDE.jpg,2023-12-07
DI1ZF13.jpg_Sun Apr 07 2024_20240804_023125.png,VERY_UNLIKELY,LIKELY,VERY_UNLIKELY,LIKELY,UNLIKELY,DI1ZF13.jpg,2024-04-07
gJ6YFXW.jpeg_Fri Apr 26 2024_20240804_024015.png,VERY_UNLIKELY,VERY_UNLIKELY,UNLIKELY,UNLIKELY,VERY_UNLIKELY,gJ6YFXW.jpeg,2024-04-26
ioF4h8N.jpg_Wed May 31 2023_20240804_024337.png,UNLIKELY,UNLIKELY,UNLIKELY,UNLIKELY,POSSIBLE,ioF4h8N.jpg,2023-05-31
CTGBKZN.jpg_Thu Aug 18 2022_20240804_024344.png,UNLIKELY,UNLIKELY,VERY_UNLIKELY,VERY_UNLIKELY,VERY_LIKELY,CTGBKZN.jpg,2022-08-18
EMlgv6f.jpg_Tue Jun 23 2020_20240804_023143.png,UNLIKELY,UNLIKELY,UNLIKELY,UNLIKELY,LIKELY,EMlgv6f.jpg,2020-06-23
Nwj3YQf.jpg_Fri Mar 15 2024_20240804_023956.png,VERY_UNLIKELY,VERY_UNLIKELY,VERY_UNLIKELY,VERY_UNLIKELY,VERY_UNLIKELY,Nwj3YQf.jpg,2024-03-15
ptufRns.jpg_Fri Mar 15 2024_20240804_024032.png,VERY_UNLIKELY,VERY_UNLIKELY,VERY_UNLIKELY,VERY_UNLIKELY,VERY_UNLIKELY,ptufRns.jpg,2024-03-15
mRf2V.jpg_Thu Nov 22 2012_20240804_021127.png,VERY_UNLIKELY,VERY_UNLIKELY,VERY_UNLIKELY,VERY_UNLIKELY,VERY_UNLIKELY,mRf2V.jpg,2012-11-22
aEyP3n3.jpg_Fri Aug 21 2020_20240804_023353.png,VERY_UNLIKELY,VERY_UNLIKELY,VERY_UNLIKELY,VERY_UNLIKELY,VERY_UNLIKELY,aEyP3n3.jpg,2020-08-21
epwDWPU.jpeg_Tue Apr 23 2024_20240804_023910.png,VERY_UNLIKELY,VERY_UNLIKELY,UNLIKELY,VERY_UNLIKELY,UNLIKELY,epwDWPU.jpeg,2024-04-23
sX0zdzS.jpg_Mon Apr 25 2016_20240804_024240.png,VERY_UNLIKELY,VERY_UNLIKELY,VERY_UNLIKELY,VERY_UNLIKELY,UNLIKELY,sX0zdzS.jpg,2016-04-25
TZicAYJ.jpg_Wed Jul 03 2024_20240804_024057.png,VERY_UNLIKELY,VERY_UNLIKELY,VERY_UNLIKELY,VERY_UNLIKELY,VERY_UNLIKELY,TZicAYJ.jpg,2024-07-03
pQb1Emr.jpg_Fri Jul 04 2014_20240804_023805.png,VERY_UNLIKELY,VERY_UNLIKELY,VERY_UNLIKELY,VERY_UNLIKELY,VERY_UNLIKELY,pQb1Emr.jpg,2014-07-04
k3fpQ76.jpg_Thu Apr 04 2024_20240804_021124.png,VERY_UNLIKELY,VERY_UNLIKELY,VERY_UNLIKELY,VERY_UNLIKELY,VERY_UNLIKELY,k3fpQ76.jpg,2024-04-04
7bHPy0C.jpg_Sun Oct 09 2022_20240804_015408.png,VERY_UNLIKELY,VERY_UNLIKELY,VERY_UNLIKELY,VERY_UNLIKELY,UNLIKELY,7bHPy0C.jpg,2022-10-09
whthudy.jpg_Wed Mar 27 2024_20240804_021917.png,POSSIBLE,LIKELY,VERY_UNLIKELY,VERY_LIKELY,POSSIBLE,whthudy.jpg,2024-03-27
exSRxc1.jpg_Mon Jul 08 2024_20240804_023621.png,UNLIKELY,LIKELY,POSSIBLE,VERY_LIKELY,UNLIKELY,exSRxc1.jpg,2024-07-08
rHaC7Br.jpeg_Sat Jul 06 2024_20240804_023835.png,UNLIKELY,LIKELY,VERY_UNLIKELY,VERY_LIKELY,UNLIKELY,rHaC7Br.jpeg,2024-07-06
AzhGnhv.jpg_Sun Apr 07 2024_20240804_015658.png,UNLIKELY,POSSIBLE,UNLIKELY,VERY_LIKELY,POSSIBLE,AzhGnhv.jpg,2024-04-07
l7aQ7qo.jpg_Wed Jul 03 2024_20240804_025139.png,VERY_UNLIKELY,VERY_UNLIKELY,VERY_UNLIKELY,VERY_UNLIKELY,VERY_UNLIKELY,l7aQ7qo.jpg,2024-07-03
5bmKFG8.jpg_Sun Jan 03 2016_20240804_023538.png,VERY_UNLIKELY,VERY_UNLIKELY,VERY_UNLIKELY,UNLIKELY,VERY_UNLIKELY,5bmKFG8.jpg,2016-01-03
b4NCHhH.jpg_Fri Nov 03 2023_20240804_024545.png,UNLIKELY,UNLIKELY,VERY_UNLIKELY,VERY_UNLIKELY,UNLIKELY,b4NCHhH.jpg,2023-11-03
DWaLEG6.jpg_Thu Sep 02 2021_20240804_023222.png,VERY_UNLIKELY,VERY_UNLIKELY,VERY_UNLIKELY,VERY_UNLIKELY,VERY_UNLIKELY,DWaLEG6.jpg,2021-09-02
9qYq2Xc.jpg_Wed Mar 04 2020_20240804_023442.png,UNLIKELY,VERY_UNLIKELY,VERY_UNLIKELY,UNLIKELY,LIKELY,9qYq2Xc.jpg,2020-03-04
oiQOFC0.png_Mon Jan 03 2022_20240804_021955.png,VERY_UNLIKELY,VERY_UNLIKELY,UNLIKELY,VERY_UNLIKELY,UNLIKELY,oiQOFC0.png,2022-01-03
4ul5xbu.jpg_Wed Jan 13 2016_20240804_023616.png,UNLIKELY,UNLIKELY,VERY_UNLIKELY,VERY_UNLIKELY,POSSIBLE,4ul5xbu.jpg,2016-01-13
uwcJPbE.jpeg_Sun Mar 10 2024_20240804_023808.png,UNLIKELY,POSSIBLE,VERY_UNLIKELY,VERY_LIKELY,UNLIKELY,uwcJPbE.jpeg,2024-03-10
hDhPYIw.jpeg_Sun Mar 17 2024_20240804_023434.png,UNLIKELY,VERY_LIKELY,VERY_UNLIKELY,VERY_LIKELY,UNLIKELY,hDhPYIw.jpeg,2024-03-17
J3nwW5C.jpg_Mon May 16 2022_20240804_023242.png,VERY_UNLIKELY,UNLIKELY,VERY_UNLIKELY,UNLIKELY,UNLIKELY,J3nwW5C.jpg,2022-05-16
HlHpto5.jpeg_Mon Oct 10 2022_20240804_021718.png,VERY_UNLIKELY,VERY_UNLIKELY,VERY_UNLIKELY,VERY_UNLIKELY,VERY_UNLIKELY,HlHpto5.jpeg,2022-10-10
bTJbLhV.jpg_Mon Feb 05 2024_20240804_024330.png,UNLIKELY,UNLIKELY,UNLIKELY,UNLIKELY,VERY_UNLIKELY,bTJbLhV.jpg,2024-02-05
sgkiyDS.jpg_Thu Jul 27 2023_20240804_022003.png,VERY_UNLIKELY,VERY_UNLIKELY,UNLIKELY,VERY_UNLIKELY,UNLIKELY,sgkiyDS.jpg,2023-07-27
0OWrGo7.jpg_Tue Mar 26 2024_20240804_024516.png,VERY_UNLIKELY,UNLIKELY,VERY_UNLIKELY,VERY_UNLIKELY,VERY_UNLIKELY,0OWrGo7.jpg,2024-03-26
UjJkpkF.jpg_Sat Oct 23 2021_20240804_024321.png,UNLIKELY,VERY_UNLIKELY,POSSIBLE,UNLIKELY,POSSIBLE,UjJkpkF.jpg,2021-10-23
E1Ws6hh.jpg_Thu May 10 2018_20240804_024359.png,VERY_UNLIKELY,VERY_UNLIKELY,UNLIKELY,UNLIKELY,VERY_UNLIKELY,E1Ws6hh.jpg,2018-05-10
H3xl0j4.jpeg_Mon Jun 10 2024_20240804_024257.png,UNLIKELY,VERY_UNLIKELY,VERY_UNLIKELY,VERY_UNLIKELY,POSSIBLE,H3xl0j4.jpeg,2024-06-10
YHNUNMJ.jpg_Fri Mar 22 2019_20240804_024635.png,VERY_UNLIKELY,UNLIKELY,UNLIKELY,VERY_UNLIKELY,VERY_UNLIKELY,YHNUNMJ.jpg,2019-03-22
roQNPZU.jpg_Thu Feb 24 2022_20240804_023401.png,VERY_UNLIKELY,VERY_UNLIKELY,VERY_UNLIKELY,VERY_UNLIKELY,VERY_UNLIKELY,roQNPZU.jpg,2022-02-24
mDsXl.jpg_Sat May 07 2011_20240804_025205.png,VERY_UNLIKELY,VERY_UNLIKELY,VERY_UNLIKELY,VERY_UNLIKELY,VERY_UNLIKELY,mDsXl.jpg,2011-05-07
togfEjw.jpg_Tue Jul 09 2024_20240804_023950.png,UNLIKELY,LIKELY,UNLIKELY,VERY_LIKELY,POSSIBLE,togfEjw.jpg,2024-07-09
oeq1apn.jpg_Sun Nov 04 2018_20240804_024013.png,VERY_UNLIKELY,LIKELY,VERY_UNLIKELY,UNLIKELY,UNLIKELY,oeq1apn.jpg,2018-11-04
eNBBsAj.jpg_Wed Jul 13 2022_20240804_024604.png,VERY_UNLIKELY,VERY_UNLIKELY,VERY_UNLIKELY,VERY_UNLIKELY,POSSIBLE,eNBBsAj.jpg,2022-07-13
8TVF2Ow.jpeg_Sun Jul 07 2024_20240804_021905.png,UNLIKELY,UNLIKELY,POSSIBLE,VERY_UNLIKELY,POSSIBLE,8TVF2Ow.jpeg,2024-07-07
VtGHhlm.png_Mon May 13 2024_20240804_015659.png,VERY_UNLIKELY,VERY_UNLIKELY,VERY_UNLIKELY,VERY_UNLIKELY,VERY_UNLIKELY,VtGHhlm.png,2024-05-13
F6OftzY.jpg_Wed Sep 15 2021_20240804_025151.png,UNLIKELY,VERY_UNLIKELY,VERY_UNLIKELY,VERY_UNLIKELY,VERY_UNLIKELY,F6OftzY.jpg,2021-09-15
1APiH.jpg_Sat Sep 22 2012_20240804_024106.png,UNLIKELY,VERY_UNLIKELY,VERY_UNLIKELY,UNLIKELY,VERY_UNLIKELY,1APiH.jpg,2012-09-22
ohopUWU.jpg_Mon May 04 2020_20240804_015651.png,VERY_UNLIKELY,UNLIKELY,VERY_UNLIKELY,VERY_UNLIKELY,VERY_UNLIKELY,ohopUWU.jpg,2020-05-04
eNBBsAj.jpg_Wed Jul 13 2022_20240804_024413.png,VERY_UNLIKELY,VERY_UNLIKELY,VERY_UNLIKELY,VERY_UNLIKELY,POSSIBLE,eNBBsAj.jpg,2022-07-13
fEe7Dpl.jpg_Thu Apr 25 2024_20240804_023431.png,VERY_UNLIKELY,VERY_LIKELY,VERY_UNLIKELY,VERY_LIKELY,UNLIKELY,fEe7Dpl.jpg,2024-04-25
U071aKh.jpeg_Wed Feb 21 2024_20240804_024716.png,VERY_UNLIKELY,VERY_UNLIKELY,LIKELY,UNLIKELY,VERY_UNLIKELY,U071aKh.jpeg,2024-02-21
rhllMmN.jpeg_Wed Jul 10 2024_20240804_023833.png,VERY_UNLIKELY,LIKELY,UNLIKELY,LIKELY,UNLIKELY,rhllMmN.jpeg,2024-07-10
EC8MfZi.jpg_Thu Aug 12 2021_20240804_024047.png,VERY_UNLIKELY,UNLIKELY,VERY_UNLIKELY,VERY_UNLIKELY,VERY_UNLIKELY,EC8MfZi.jpg,2021-08-12
8apGcFs.jpg_Tue Apr 12 2022_20240804_024449.png,VERY_UNLIKELY,VERY_UNLIKELY,UNLIKELY,UNLIKELY,POSSIBLE,8apGcFs.jpg,2022-04-12
GWWhams.gif_Wed Jul 03 2024_20240804_021928.png,VERY_UNLIKELY,VERY_UNLIKELY,VERY_LIKELY,UNLIKELY,UNLIKELY,GWWhams.gif,2024-07-03
AeysG6p.jpeg_Sun Jul 07 2024_20240804_015645.png,UNLIKELY,POSSIBLE,VERY_UNLIKELY,VERY_LIKELY,LIKELY,AeysG6p.jpeg,2024-07-07
TbnFSds.png_Thu Mar 17 2022_20240804_024502.png,UNLIKELY,UNLIKELY,VERY_UNLIKELY,VERY_UNLIKELY,VERY_UNLIKELY,TbnFSds.png,2022-03-17
lTSyR3w.jpeg_Tue Jul 09 2024_20240804_023651.png,VERY_UNLIKELY,POSSIBLE,UNLIKELY,VERY_LIKELY,POSSIBLE,lTSyR3w.jpeg,2024-07-09
8SqDgwb.png_Tue Oct 10 2017_20240804_025012.png,UNLIKELY,UNLIKELY,VERY_UNLIKELY,UNLIKELY,LIKELY,8SqDgwb.png,2017-10-10
rAZITeC.jpg_Sat Mar 06 2021_20240804_023339.png,UNLIKELY,UNLIKELY,VERY_UNLIKELY,VERY_UNLIKELY,UNLIKELY,rAZITeC.jpg,2021-03-06
W6VtWjD.jpg_Sat Jun 10 2023_20240804_023215.png,VERY_UNLIKELY,UNLIKELY,VERY_UNLIKELY,VERY_UNLIKELY,UNLIKELY,W6VtWjD.jpg,2023-06-10
I1BaQsR.png_Sat Mar 26 2022_20240804_024354.png,UNLIKELY,UNLIKELY,VERY_UNLIKELY,UNLIKELY,UNLIKELY,I1BaQsR.png,2022-03-26
AbNLCxU.jpg_Sun Apr 16 2023_20240804_022000.png,VERY_UNLIKELY,VERY_UNLIKELY,UNLIKELY,UNLIKELY,UNLIKELY,AbNLCxU.jpg,2023-04-16
Gp3Kb7s.jpg_Thu Mar 21 2019_20240804_024346.png,VERY_UNLIKELY,UNLIKELY,VERY_UNLIKELY,VERY_UNLIKELY,UNLIKELY,Gp3Kb7s.jpg,2019-03-21
sJt7cJV.jpg_Mon Mar 01 2021_20240804_024139.png,VERY_UNLIKELY,VERY_UNLIKELY,VERY_UNLIKELY,VERY_UNLIKELY,VERY_UNLIKELY,sJt7cJV.jpg,2021-03-01
oNOBy0D.png_Wed Jul 10 2024_20240804_024958.png,UNLIKELY,UNLIKELY,VERY_UNLIKELY,UNLIKELY,UNLIKELY,oNOBy0D.png,2024-07-10
JFleP3c.jpg_Sun Jun 16 2019_20240804_024245.png,VERY_UNLIKELY,VERY_UNLIKELY,VERY_UNLIKELY,UNLIKELY,UNLIKELY,JFleP3c.jpg,2019-06-16
iVIEt1i.jpg_Wed Apr 28 2021_20240804_024524.png,VERY_UNLIKELY,VERY_UNLIKELY,UNLIKELY,VERY_UNLIKELY,VERY_UNLIKELY,iVIEt1i.jpg,2021-04-28
rDLiJdf.png_Tue Jul 09 2024_20240804_015704.png,VERY_UNLIKELY,UNLIKELY,VERY_UNLIKELY,LIKELY,UNLIKELY,rDLiJdf.png,2024-07-09
mIGzr5v.jpeg_Mon Jul 08 2024_20240804_021959.png,UNLIKELY,UNLIKELY,POSSIBLE,POSSIBLE,UNLIKELY,mIGzr5v.jpeg,2024-07-08
Ek4wxor.jpeg_Tue Mar 05 2024_20240804_023635.png,UNLIKELY,LIKELY,VERY_UNLIKELY,VERY_LIKELY,UNLIKELY,Ek4wxor.jpeg,2024-03-05
Wmbx7jr.jpeg_Fri Jun 07 2024_20240804_015404.png,VERY_UNLIKELY,VERY_UNLIKELY,VERY_UNLIKELY,VERY_UNLIKELY,VERY_UNLIKELY,Wmbx7jr.jpeg,2024-06-07
5eWwj3q.jpeg_Wed May 01 2024_20240804_021949.png,VERY_UNLIKELY,VERY_UNLIKELY,VERY_UNLIKELY,VERY_UNLIKELY,UNLIKELY,5eWwj3q.jpeg,2024-05-01
orC3Wt1.jpg_Mon Jul 08 2024_20240804_023327.png,UNLIKELY,POSSIBLE,UNLIKELY,LIKELY,UNLIKELY,orC3Wt1.jpg,2024-07-08
q12OTE0.jpg_Mon Sep 14 2020_20240804_023436.png,POSSIBLE,UNLIKELY,VERY_UNLIKELY,UNLIKELY,VERY_LIKELY,q12OTE0.jpg,2020-09-14
3e1bRP0.jpeg_Wed Jul 10 2024_20240804_014134.png,VERY_UNLIKELY,UNLIKELY,LIKELY,UNLIKELY,VERY_UNLIKELY,3e1bRP0.jpeg,2024-07-10
Q4j7sV9.gif_Tue Jun 25 2024_20240804_021921.png,VERY_UNLIKELY,VERY_UNLIKELY,VERY_UNLIKELY,VERY_UNLIKELY,VERY_UNLIKELY,Q4j7sV9.gif,2024-06-25
yH80rcq.jpg_Fri Apr 19 2024_20240804_024148.png,VERY_UNLIKELY,LIKELY,VERY_UNLIKELY,VERY_LIKELY,UNLIKELY,yH80rcq.jpg,2024-04-19
0vS9fU8.png_Fri Oct 06 2023_20240804_021245.png,VERY_UNLIKELY,VERY_UNLIKELY,VERY_UNLIKELY,VERY_UNLIKELY,VERY_UNLIKELY,0vS9fU8.png,2023-10-06
1gY94Pg.jpeg_Sun Jul 07 2024_20240804_024146.png,UNLIKELY,VERY_LIKELY,UNLIKELY,VERY_LIKELY,POSSIBLE,1gY94Pg.jpeg,2024-07-07
w6aKD4N.jpg_Fri Jun 14 2024_20240804_023325.png,UNLIKELY,UNLIKELY,UNLIKELY,UNLIKELY,POSSIBLE,w6aKD4N.jpg,2024-06-14
vqMoDBD.jpg_Wed Jan 19 2022_20240804_021950.png,UNLIKELY,UNLIKELY,VERY_UNLIKELY,UNLIKELY,POSSIBLE,vqMoDBD.jpg,2022-01-19
P3s0Fov.jpg_Fri Mar 31 2017_20240804_015356.png,VERY_UNLIKELY,VERY_UNLIKELY,VERY_UNLIKELY,VERY_UNLIKELY,VERY_UNLIKELY,P3s0Fov.jpg,2017-03-31
OV9wAtW.jpg_Thu May 25 2023_20240804_025206.png,VERY_UNLIKELY,VERY_UNLIKELY,VERY_LIKELY,UNLIKELY,VERY_UNLIKELY,OV9wAtW.jpg,2023-05-25
MmrPLkR.jpeg_Sat Apr 20 2024_20240804_023206.png,UNLIKELY,VERY_LIKELY,VERY_UNLIKELY,VERY_LIKELY,UNLIKELY,MmrPLkR.jpeg,2024-04-20
o3JErpv.png_Sun Jul 07 2024_20240804_024222.png,UNLIKELY,POSSIBLE,POSSIBLE,VERY_LIKELY,UNLIKELY,o3JErpv.png,2024-07-07
iZWKZTG.jpg_Sat Dec 16 2023_20240804_024049.png,UNLIKELY,VERY_UNLIKELY,VERY_UNLIKELY,VERY_UNLIKELY,VERY_UNLIKELY,iZWKZTG.jpg,2023-12-16
LqhWFeY.jpg_Thu Jan 10 2019_20240804_023132.png,VERY_UNLIKELY,VERY_UNLIKELY,VERY_UNLIKELY,UNLIKELY,VERY_UNLIKELY,LqhWFeY.jpg,2019-01-10
tt0k7Cs.jpg_Mon Jul 08 2024_20240804_023452.png,VERY_UNLIKELY,VERY_UNLIKELY,VERY_LIKELY,UNLIKELY,VERY_UNLIKELY,tt0k7Cs.jpg,2024-07-08
6hBZnk6.jpg_Tue Sep 03 2019_20240804_021247.png,UNLIKELY,UNLIKELY,VERY_UNLIKELY,UNLIKELY,VERY_LIKELY,6hBZnk6.jpg,2019-09-03
GtXljKP.jpg_Sun Apr 23 2017_20240804_023721.png,VERY_UNLIKELY,UNLIKELY,VERY_UNLIKELY,UNLIKELY,UNLIKELY,GtXljKP.jpg,2017-04-23
gtI0ahX.jpeg_Mon Jul 08 2024_20240804_023440.png,UNLIKELY,LIKELY,UNLIKELY,LIKELY,POSSIBLE,gtI0ahX.jpeg,2024-07-08
Xe64TOq.jpg_Wed Apr 08 2020_20240804_023513.png,VERY_UNLIKELY,VERY_UNLIKELY,VERY_UNLIKELY,VERY_UNLIKELY,VERY_UNLIKELY,Xe64TOq.jpg,2020-04-08
tLNwoWH.jpg_Sat Nov 27 2021_20240804_024127.png,UNLIKELY,UNLIKELY,VERY_UNLIKELY,UNLIKELY,VERY_LIKELY,tLNwoWH.jpg,2021-11-27
052cIwr.jpg_Fri Jul 28 2023_20240804_021951.png,POSSIBLE,VERY_UNLIKELY,VERY_UNLIKELY,UNLIKELY,LIKELY,052cIwr.jpg,2023-07-28
nzUBhHi.jpg_Wed Apr 03 2024_20240804_025155.png,VERY_UNLIKELY,VERY_UNLIKELY,VERY_UNLIKELY,VERY_UNLIKELY,VERY_UNLIKELY,nzUBhHi.jpg,2024-04-03
KmxCmwW.jpeg_Fri Jun 07 2024_20240804_012445.png,VERY_UNLIKELY,VERY_UNLIKELY,VERY_UNLIKELY,VERY_UNLIKELY,VERY_UNLIKELY,KmxCmwW.jpeg,2024-06-07
M8wExjo.jpg_Sat Dec 03 2022_20240804_025308.png,VERY_UNLIKELY,VERY_UNLIKELY,VERY_UNLIKELY,VERY_UNLIKELY,VERY_UNLIKELY,M8wExjo.jpg,2022-12-03
v4z1f7f.jpg_Mon Jan 22 2024_20240804_023047.png,UNLIKELY,POSSIBLE,VERY_UNLIKELY,VERY_UNLIKELY,POSSIBLE,v4z1f7f.jpg,2024-01-22
FPjvkw8.jpg_Sun Jun 02 2024_20240804_025019.png,UNLIKELY,UNLIKELY,VERY_UNLIKELY,UNLIKELY,VERY_LIKELY,FPjvkw8.jpg,2024-06-02
3xGKcIS.jpeg_Sat Jun 15 2024_20240804_023831.png,VERY_UNLIKELY,VERY_UNLIKELY,VERY_UNLIKELY,VERY_UNLIKELY,VERY_UNLIKELY,3xGKcIS.jpeg,2024-06-15
DfLS62R.jpg_Mon Jul 08 2024_20240804_023055.png,UNLIKELY,VERY_LIKELY,VERY_UNLIKELY,VERY_LIKELY,POSSIBLE,DfLS62R.jpg,2024-07-08
8KB9o8W.jpg_Wed Apr 24 2019_20240804_023740.png,UNLIKELY,UNLIKELY,VERY_UNLIKELY,VERY_UNLIKELY,VERY_LIKELY,8KB9o8W.jpg,2019-04-24
QypTKi5.png_Mon Jul 08 2024_20240804_023032.png,VERY_UNLIKELY,UNLIKELY,VERY_UNLIKELY,LIKELY,UNLIKELY,QypTKi5.png,2024-07-08
fQbYfcJ.jpeg_Sat Mar 02 2024_20240804_012429.png,VERY_UNLIKELY,UNLIKELY,POSSIBLE,UNLIKELY,UNLIKELY,fQbYfcJ.jpeg,2024-03-02
l13Qm9R.jpeg_Thu Jun 06 2024_20240804_024233.png,UNLIKELY,VERY_UNLIKELY,VERY_UNLIKELY,VERY_UNLIKELY,VERY_UNLIKELY,l13Qm9R.jpeg,2024-06-06
IdLTlsp.png_Sat Oct 14 2017_20240804_014128.png,VERY_UNLIKELY,VERY_UNLIKELY,VERY_UNLIKELY,VERY_UNLIKELY,UNLIKELY,IdLTlsp.png,2017-10-14
e8Lhang.jpg_Mon May 30 2016_20240804_012102.png,VERY_UNLIKELY,VERY_UNLIKELY,VERY_UNLIKELY,VERY_UNLIKELY,UNLIKELY,e8Lhang.jpg,2016-05-30
MwzsfGq.jpg_Thu Apr 19 2018_20240804_021910.png,VERY_UNLIKELY,VERY_UNLIKELY,VERY_UNLIKELY,VERY_UNLIKELY,VERY_UNLIKELY,MwzsfGq.jpg,2018-04-19
mgE9S5N.jpg_Mon Oct 08 2018_20240804_024415.png,UNLIKELY,VERY_UNLIKELY,VERY_UNLIKELY,UNLIKELY,POSSIBLE,mgE9S5N.jpg,2018-10-08
bQJtBZ6.jpg_Tue Jan 11 2022_20240804_023423.png,VERY_UNLIKELY,VERY_UNLIKELY,VERY_UNLIKELY,VERY_UNLIKELY,VERY_UNLIKELY,bQJtBZ6.jpg,2022-01-11
qbPZcUn.png_Fri Sep 08 2017_20240804_021910.png,UNLIKELY,VERY_UNLIKELY,VERY_UNLIKELY,VERY_UNLIKELY,UNLIKELY,qbPZcUn.png,2017-09-08
8nZmcLu.png_Sat Jul 06 2024_20240804_024155.png,UNLIKELY,UNLIKELY,VERY_UNLIKELY,LIKELY,UNLIKELY,8nZmcLu.png,2024-07-06
yiwdR7s.jpg_Sun Nov 21 2021_20240804_015648.png,VERY_UNLIKELY,VERY_UNLIKELY,UNLIKELY,VERY_UNLIKELY,VERY_UNLIKELY,yiwdR7s.jpg,2021-11-21
jAMWVLN.jpg_Sat Sep 21 2013_20240804_023723.png,VERY_UNLIKELY,VERY_UNLIKELY,VERY_UNLIKELY,VERY_UNLIKELY,POSSIBLE,jAMWVLN.jpg,2013-09-21
wC25lxx.jpg_Thu Dec 29 2022_20240804_023334.png,VERY_UNLIKELY,VERY_UNLIKELY,VERY_UNLIKELY,VERY_UNLIKELY,UNLIKELY,wC25lxx.jpg,2022-12-29
kfdIaJA.jpeg_Mon Jul 08 2024_20240804_025216.png,VERY_UNLIKELY,UNLIKELY,UNLIKELY,VERY_LIKELY,LIKELY,kfdIaJA.jpeg,2024-07-08
fBf4zKH.jpg_Thu Apr 04 2024_20240804_015422.png,UNLIKELY,VERY_UNLIKELY,VERY_UNLIKELY,VERY_UNLIKELY,VERY_UNLIKELY,fBf4zKH.jpg,2024-04-04
t7rslCH.jpg_Wed Dec 14 2022_20240804_024111.png,VERY_UNLIKELY,VERY_UNLIKELY,UNLIKELY,VERY_UNLIKELY,VERY_UNLIKELY,t7rslCH.jpg,2022-12-14
